image_path,label_index,mask_path,anomaly_type,split,dull_metallic_gray,uniform_gray_tone,semi_matte_finish,straight_axial_alignment,raised_thread_ridges,even_metallic_sheen,intact_thread_pitch,cylindrical_shaft_body,hexagonal_head_shape,uniform_metal_sheen,tapered_point_tip,machined_metal_sheen,pointed_tip_geometry,medium_steel_gray,uniform_metallic_plating,tapered_shank_geometry,uniform_thread_pitch,defined_thread_ridges,tapered_cylindrical_body,slotted_recessed_head,surface_irregularity,color_deviation,structural_discontinuity,texture_inconsistency,unexpected_surface_pattern,head_slot_distortion,distorted_thread_ridges,head_abrasion_mark,head_surface_scratching,linear_scratching,head_scratch_abrasion,localized_surface_gouging,head_abrasion_scratches,head_surface_scratch,neck_abrasion_wear,linear_surface_scratch,metallic_abrasion_mark,linear_scratch_abrasion,head_neck_scuffing,gouged_thread_root,abrasive_head_damage,non_uniform_thread_profile,flank_thread_erosion,side_thread_abrasion,material_thread_bending,compromised_thread_profile,thread_flank_erosion,rough_thread_surface,thread_top_chipping,damaged_thread_top,thread_stress_failure,head_thread_deformation
/home/sobhan_hosseini/datasets/mvtec/screw/train/good/000.png,0,,good,train,1,1,1,1,1,1,1,1,0,1,1,1,1,1,0,0,1,1,0,1,0,0,0,0,0,1,1,1,1,1,1,1,1,1,1,1,1,1,1,1,1,1,1,1,1,1,1,1,1,1,1,1
/home/sobhan_hosseini/datasets/mvtec/screw/train/good/001.png,0,,good,train,1,1,1,1,1,1,1,1,0,1,1,1,1,1,0,1,1,1,1,0,0,0,0,0,0,1,1,1,1,1,1,1,1,1,1,1,1,1,1,1,1,1,1,1,1,1,1,1,1,1,1,1
/home/sobhan_hosseini/datasets/mvtec/screw/train/good/002.png,0,,good,val,1,1,1,1,1,1,1,1,1,1,1,1,1,1,0,1,1,1,1,1,0,0,0,0,0,1,1,1,1,1,1,1,1,1,1,1,1,1,1,1,1,1,1,1,1,1,1,1,1,1,1,1
/home/sobhan_hosseini/datasets/mvtec/screw/train/good/003.png,0,,good,train,1,1,1,1,1,1,1,1,0,1,1,1,1,1,0,1,1,1,1,0,0,0,0,0,0,1,1,1,1,1,1,1,1,1,1,1,1,1,1,1,1,1,1,1,1,1,1,1,1,1,1,1
/home/sobhan_hosseini/datasets/mvtec/screw/train/good/004.png,0,,good,val,1,1,1,1,1,1,1,1,1,1,1,1,1,1,0,1,1,1,1,0,0,0,0,0,0,1,1,1,1,1,1,1,1,1,1,1,1,1,1,1,1,1,1,1,1,1,1,1,1,1,1,1
/home/sobhan_hosseini/datasets/mvtec/screw/train/good/005.png,0,,good,train,1,1,1,1,1,1,1,1,0,1,1,1,1,1,0,1,1,1,1,1,0,0,0,0,0,1,1,1,1,1,1,1,1,1,1,1,1,1,1,1,1,1,1,1,1,1,1,1,1,1,1,1
/home/sobhan_hosseini/datasets/mvtec/screw/train/good/006.png,0,,good,val,1,1,1,1,1,1,1,1,1,1,1,0,0,1,0,0,1,1,0,0,0,0,0,0,0,1,1,1,1,1,1,1,1,1,1,1,1,1,1,1,1,1,1,1,1,1,1,1,1,1,1,1
/home/sobhan_hosseini/datasets/mvtec/screw/train/good/007.png,0,,good,test,1,1,1,1,1,1,1,1,0,1,1,1,1,1,0,0,1,1,0,0,0,0,0,0,0,1,1,1,1,1,1,1,1,1,1,1,1,1,1,1,1,1,1,1,1,1,1,1,1,1,1,1
/home/sobhan_hosseini/datasets/mvtec/screw/train/good/008.png,0,,good,train,1,1,1,1,1,0,1,1,1,0,1,0,1,1,0,1,1,1,1,1,0,0,0,0,0,1,1,1,1,1,1,1,1,1,1,1,1,1,1,1,1,1,1,1,1,1,1,1,1,1,1,1
/home/sobhan_hosseini/datasets/mvtec/screw/train/good/009.png,0,,good,train,1,1,1,1,1,1,1,1,0,1,1,0,1,1,1,1,1,1,1,1,0,0,0,0,0,1,1,1,1,1,1,1,1,1,1,1,1,1,1,1,1,1,1,1,1,1,1,1,1,1,1,1
/home/sobhan_hosseini/datasets/mvtec/screw/train/good/010.png,0,,good,train,1,1,1,1,1,1,1,1,1,1,1,1,1,1,1,1,1,1,1,0,0,0,0,0,0,1,1,1,1,1,1,1,1,1,1,1,1,1,1,1,1,1,1,1,1,1,1,1,1,1,1,1
/home/sobhan_hosseini/datasets/mvtec/screw/train/good/011.png,0,,good,val,1,1,1,1,1,1,1,1,0,1,1,1,1,1,0,0,1,1,0,1,0,0,0,0,0,1,1,1,1,1,1,1,1,1,1,1,1,1,1,1,1,1,1,1,1,1,1,1,1,1,1,1
/home/sobhan_hosseini/datasets/mvtec/screw/train/good/012.png,0,,good,train,1,1,1,1,1,1,1,1,0,1,1,1,1,1,0,0,1,1,0,1,0,0,0,0,0,1,1,1,1,1,1,1,1,1,1,1,1,1,1,1,1,1,1,1,1,1,1,1,1,1,1,1
/home/sobhan_hosseini/datasets/mvtec/screw/train/good/013.png,0,,good,train,1,1,1,1,1,1,1,1,1,1,1,1,1,1,1,0,1,1,0,0,0,0,0,0,0,1,1,1,1,1,1,1,1,1,1,1,1,1,1,1,1,1,1,1,1,1,1,1,1,1,1,1
/home/sobhan_hosseini/datasets/mvtec/screw/train/good/014.png,0,,good,train,1,1,1,1,1,1,1,1,0,1,1,1,1,1,0,1,1,1,1,1,0,0,0,0,0,1,1,1,1,1,1,1,1,1,1,1,1,1,1,1,1,1,1,1,1,1,1,1,1,1,1,1
/home/sobhan_hosseini/datasets/mvtec/screw/train/good/015.png,0,,good,train,1,1,1,1,1,1,1,1,0,1,1,1,1,1,0,0,1,1,0,1,0,0,0,0,0,1,1,1,1,1,1,1,1,1,1,1,1,1,1,1,1,1,1,1,1,1,1,1,1,1,1,1
/home/sobhan_hosseini/datasets/mvtec/screw/train/good/016.png,0,,good,train,1,1,1,1,1,1,1,1,0,1,1,1,1,1,0,1,1,1,1,0,0,0,0,0,0,1,1,1,1,1,1,1,1,1,1,1,1,1,1,1,1,1,1,1,1,1,1,1,1,1,1,1
/home/sobhan_hosseini/datasets/mvtec/screw/train/good/017.png,0,,good,train,1,1,1,1,1,0,1,1,0,0,1,1,1,1,0,0,1,1,0,1,0,0,0,0,0,1,1,1,1,1,1,1,1,1,1,1,1,1,1,1,1,1,1,1,1,1,1,1,1,1,1,1
/home/sobhan_hosseini/datasets/mvtec/screw/train/good/018.png,0,,good,train,1,1,1,1,1,1,1,1,0,1,1,1,1,1,0,0,1,1,0,1,0,0,0,0,0,1,1,1,1,1,1,1,1,1,1,1,1,1,1,1,1,1,1,1,1,1,1,1,1,1,1,1
/home/sobhan_hosseini/datasets/mvtec/screw/train/good/019.png,0,,good,train,1,1,1,1,1,1,1,1,0,1,1,1,1,1,0,0,1,1,0,1,0,0,0,0,0,1,1,1,1,1,1,1,1,1,1,1,1,1,1,1,1,1,1,1,1,1,1,1,1,1,1,1
/home/sobhan_hosseini/datasets/mvtec/screw/train/good/020.png,0,,good,train,1,1,1,1,1,1,1,1,0,1,1,1,1,1,1,0,1,1,0,1,0,0,0,0,0,1,1,1,1,1,1,1,1,1,1,1,1,1,1,1,1,1,1,1,1,1,1,1,1,1,1,1
/home/sobhan_hosseini/datasets/mvtec/screw/train/good/021.png,0,,good,test,1,1,1,1,1,1,1,0,0,1,1,1,1,1,0,1,1,1,1,1,0,0,0,0,0,1,1,1,1,1,1,1,1,1,1,1,1,1,1,1,1,1,1,1,1,1,1,1,1,1,1,1
/home/sobhan_hosseini/datasets/mvtec/screw/train/good/022.png,0,,good,train,1,1,1,1,1,1,1,1,0,1,1,1,1,1,0,0,1,1,0,1,0,0,0,0,0,1,1,1,1,1,1,1,1,1,1,1,1,1,1,1,1,1,1,1,1,1,1,1,1,1,1,1
/home/sobhan_hosseini/datasets/mvtec/screw/train/good/023.png,0,,good,train,1,1,1,1,1,1,1,1,1,1,1,1,1,1,0,1,1,1,1,0,0,0,0,0,0,1,1,1,1,1,1,1,1,1,1,1,1,1,1,1,1,1,1,1,1,1,1,1,1,1,1,1
/home/sobhan_hosseini/datasets/mvtec/screw/train/good/024.png,0,,good,train,1,1,1,1,1,1,1,0,0,1,1,0,1,1,0,1,1,1,1,1,0,0,0,0,0,1,1,1,1,1,1,1,1,1,1,1,1,1,1,1,1,1,1,1,1,1,1,1,1,1,1,1
/home/sobhan_hosseini/datasets/mvtec/screw/train/good/025.png,0,,good,train,1,1,1,1,1,1,1,1,1,1,1,1,1,1,1,0,1,1,0,0,0,0,0,0,0,1,1,1,1,1,1,1,1,1,1,1,1,1,1,1,1,1,1,1,1,1,1,1,1,1,1,1
/home/sobhan_hosseini/datasets/mvtec/screw/train/good/026.png,0,,good,val,1,1,1,1,1,0,1,1,0,0,1,0,1,1,0,1,1,1,1,0,0,0,0,0,0,1,1,1,1,1,1,1,1,1,1,1,1,1,1,1,1,1,1,1,1,1,1,1,1,1,1,1
/home/sobhan_hosseini/datasets/mvtec/screw/train/good/027.png,0,,good,train,1,1,1,1,1,1,1,1,0,1,1,1,1,1,0,0,1,1,0,0,0,0,0,0,0,1,1,1,1,1,1,1,1,1,1,1,1,1,1,1,1,1,1,1,1,1,1,1,1,1,1,1
/home/sobhan_hosseini/datasets/mvtec/screw/train/good/028.png,0,,good,train,1,1,1,1,1,1,1,1,0,1,1,1,1,1,0,0,1,1,0,1,0,0,0,0,0,1,1,1,1,1,1,1,1,1,1,1,1,1,1,1,1,1,1,1,1,1,1,1,1,1,1,1
/home/sobhan_hosseini/datasets/mvtec/screw/train/good/029.png,0,,good,train,1,1,1,1,1,1,1,1,0,1,1,1,1,1,0,1,1,1,1,0,0,0,0,0,0,1,1,1,1,1,1,1,1,1,1,1,1,1,1,1,1,1,1,1,1,1,1,1,1,1,1,1
/home/sobhan_hosseini/datasets/mvtec/screw/train/good/030.png,0,,good,train,1,1,1,1,1,1,1,1,0,1,1,0,1,1,0,1,1,1,1,0,0,0,0,0,0,1,1,1,1,1,1,1,1,1,1,1,1,1,1,1,1,1,1,1,1,1,1,1,1,1,1,1
/home/sobhan_hosseini/datasets/mvtec/screw/train/good/031.png,0,,good,train,1,1,1,1,1,1,1,1,1,1,1,1,1,1,0,1,1,1,1,0,0,0,0,0,0,1,1,1,1,1,1,1,1,1,1,1,1,1,1,1,1,1,1,1,1,1,1,1,1,1,1,1
/home/sobhan_hosseini/datasets/mvtec/screw/train/good/032.png,0,,good,train,1,1,1,1,1,1,1,1,1,1,1,1,1,1,0,1,1,1,1,0,0,0,0,0,0,1,1,1,1,1,1,1,1,1,1,1,1,1,1,1,1,1,1,1,1,1,1,1,1,1,1,1
/home/sobhan_hosseini/datasets/mvtec/screw/train/good/033.png,0,,good,train,1,1,1,1,1,1,1,1,1,1,1,1,1,1,0,1,1,1,1,0,0,0,0,0,0,1,1,1,1,1,1,1,1,1,1,1,1,1,1,1,1,1,1,1,1,1,1,1,1,1,1,1
/home/sobhan_hosseini/datasets/mvtec/screw/train/good/034.png,0,,good,val,1,1,1,1,1,1,1,1,0,1,1,0,1,1,0,1,1,1,1,0,0,0,0,0,0,1,1,1,1,1,1,1,1,1,1,1,1,1,1,1,1,1,1,1,1,1,1,1,1,1,1,1
/home/sobhan_hosseini/datasets/mvtec/screw/train/good/035.png,0,,good,train,1,1,1,1,1,1,1,1,0,1,1,1,1,1,0,0,1,1,0,1,0,0,0,0,0,1,1,1,1,1,1,1,1,1,1,1,1,1,1,1,1,1,1,1,1,1,1,1,1,1,1,1
/home/sobhan_hosseini/datasets/mvtec/screw/train/good/036.png,0,,good,train,1,1,1,1,1,0,1,1,0,0,1,0,1,1,0,0,1,1,0,0,0,0,0,0,0,1,1,1,1,1,1,1,1,1,1,1,1,1,1,1,1,1,1,1,1,1,1,1,1,1,1,1
/home/sobhan_hosseini/datasets/mvtec/screw/train/good/037.png,0,,good,val,1,1,1,1,1,1,1,1,1,1,1,1,1,1,1,1,1,1,1,1,0,0,0,0,0,1,1,1,1,1,1,1,1,1,1,1,1,1,1,1,1,1,1,1,1,1,1,1,1,1,1,1
/home/sobhan_hosseini/datasets/mvtec/screw/train/good/038.png,0,,good,train,1,1,1,1,1,1,1,1,0,1,1,1,1,1,0,0,1,1,0,1,0,0,0,0,0,1,1,1,1,1,1,1,1,1,1,1,1,1,1,1,1,1,1,1,1,1,1,1,1,1,1,1
/home/sobhan_hosseini/datasets/mvtec/screw/train/good/039.png,0,,good,train,1,1,1,1,1,1,1,1,1,1,1,1,1,1,0,1,1,1,1,0,0,0,0,0,0,1,1,1,1,1,1,1,1,1,1,1,1,1,1,1,1,1,1,1,1,1,1,1,1,1,1,1
/home/sobhan_hosseini/datasets/mvtec/screw/train/good/040.png,0,,good,train,1,1,1,1,1,1,1,1,0,1,1,1,1,1,0,0,1,1,0,1,0,0,0,0,0,1,1,1,1,1,1,1,1,1,1,1,1,1,1,1,1,1,1,1,1,1,1,1,1,1,1,1
/home/sobhan_hosseini/datasets/mvtec/screw/train/good/041.png,0,,good,test,1,1,1,1,1,0,1,1,0,0,1,0,1,1,0,1,1,1,1,0,0,0,0,0,0,1,1,1,1,1,1,1,1,1,1,1,1,1,1,1,1,1,1,1,1,1,1,1,1,1,1,1
/home/sobhan_hosseini/datasets/mvtec/screw/train/good/042.png,0,,good,train,1,1,1,1,1,1,1,1,0,1,1,1,1,1,1,1,1,1,1,1,0,0,0,0,0,1,1,1,1,1,1,1,1,1,1,1,1,1,1,1,1,1,1,1,1,1,1,1,1,1,1,1
/home/sobhan_hosseini/datasets/mvtec/screw/train/good/043.png,0,,good,train,1,1,1,1,1,1,1,1,0,1,1,1,1,1,1,1,1,1,1,0,0,0,0,0,0,1,1,1,1,1,1,1,1,1,1,1,1,1,1,1,1,1,1,1,1,1,1,1,1,1,1,1
/home/sobhan_hosseini/datasets/mvtec/screw/train/good/044.png,0,,good,train,1,1,1,1,1,1,1,1,0,1,1,1,1,1,0,1,1,1,1,1,0,0,0,0,0,1,1,1,1,1,1,1,1,1,1,1,1,1,1,1,1,1,1,1,1,1,1,1,1,1,1,1
/home/sobhan_hosseini/datasets/mvtec/screw/train/good/045.png,0,,good,test,1,1,1,1,1,1,1,1,1,1,1,1,1,1,0,1,1,1,1,0,0,0,0,0,0,1,1,1,1,1,1,1,1,1,1,1,1,1,1,1,1,1,1,1,1,1,1,1,1,1,1,1
/home/sobhan_hosseini/datasets/mvtec/screw/train/good/046.png,0,,good,train,1,1,1,1,1,0,1,1,0,1,1,1,1,1,0,1,1,1,1,0,0,0,0,0,0,1,1,1,1,1,1,1,1,1,1,1,1,1,1,1,1,1,1,1,1,1,1,1,1,1,1,1
/home/sobhan_hosseini/datasets/mvtec/screw/train/good/047.png,0,,good,train,1,1,1,1,1,1,1,1,1,1,1,0,1,1,0,1,1,1,1,0,0,0,0,0,0,1,1,1,1,1,1,1,1,1,1,1,1,1,1,1,1,1,1,1,1,1,1,1,1,1,1,1
/home/sobhan_hosseini/datasets/mvtec/screw/train/good/048.png,0,,good,train,1,1,1,1,1,1,1,1,0,1,1,1,1,1,0,0,1,1,0,0,0,0,0,0,0,1,1,1,1,1,1,1,1,1,1,1,1,1,1,1,1,1,1,1,1,1,1,1,1,1,1,1
/home/sobhan_hosseini/datasets/mvtec/screw/train/good/049.png,0,,good,train,1,1,1,1,1,1,1,1,1,1,1,1,1,1,1,1,1,1,1,1,0,0,0,0,0,1,1,1,1,1,1,1,1,1,1,1,1,1,1,1,1,1,1,1,1,1,1,1,1,1,1,1
/home/sobhan_hosseini/datasets/mvtec/screw/train/good/050.png,0,,good,test,1,1,1,1,1,1,1,1,0,1,1,1,1,1,0,0,1,1,0,1,0,0,0,0,0,1,1,1,1,1,1,1,1,1,1,1,1,1,1,1,1,1,1,1,1,1,1,1,1,1,1,1
/home/sobhan_hosseini/datasets/mvtec/screw/train/good/051.png,0,,good,train,1,1,1,1,1,1,1,0,0,1,1,1,1,1,0,1,1,1,1,1,0,0,0,0,0,1,1,1,1,1,1,1,1,1,1,1,1,1,1,1,1,1,1,1,1,1,1,1,1,1,1,1
/home/sobhan_hosseini/datasets/mvtec/screw/train/good/052.png,0,,good,train,1,1,1,1,1,0,1,1,0,0,1,0,1,1,0,1,1,1,1,0,0,0,0,0,0,1,1,1,1,1,1,1,1,1,1,1,1,1,1,1,1,1,1,1,1,1,1,1,1,1,1,1
/home/sobhan_hosseini/datasets/mvtec/screw/train/good/053.png,0,,good,val,1,1,1,1,1,1,1,1,0,1,1,1,1,1,0,1,1,1,1,1,0,0,0,0,0,1,1,1,1,1,1,1,1,1,1,1,1,1,1,1,1,1,1,1,1,1,1,1,1,1,1,1
/home/sobhan_hosseini/datasets/mvtec/screw/train/good/054.png,0,,good,train,1,1,1,1,1,1,1,0,1,1,1,0,1,1,0,1,1,1,1,0,0,0,0,0,0,1,1,1,1,1,1,1,1,1,1,1,1,1,1,1,1,1,1,1,1,1,1,1,1,1,1,1
/home/sobhan_hosseini/datasets/mvtec/screw/train/good/055.png,0,,good,train,1,1,1,1,1,1,1,1,1,1,1,1,1,1,1,1,1,1,1,0,0,0,0,0,0,1,1,1,1,1,1,1,1,1,1,1,1,1,1,1,1,1,1,1,1,1,1,1,1,1,1,1
/home/sobhan_hosseini/datasets/mvtec/screw/train/good/056.png,0,,good,train,1,1,1,1,1,1,1,1,0,1,1,0,1,1,0,1,1,1,1,0,0,0,0,0,0,1,1,1,1,1,1,1,1,1,1,1,1,1,1,1,1,1,1,1,1,1,1,1,1,1,1,1
/home/sobhan_hosseini/datasets/mvtec/screw/train/good/057.png,0,,good,train,1,1,1,1,1,0,1,1,0,1,1,1,1,1,0,0,1,1,0,0,0,0,0,0,0,1,1,1,1,1,1,1,1,1,1,1,1,1,1,1,1,1,1,1,1,1,1,1,1,1,1,1
/home/sobhan_hosseini/datasets/mvtec/screw/train/good/058.png,0,,good,train,1,1,1,1,1,1,1,1,1,1,1,1,1,1,0,0,1,1,0,1,0,0,0,0,0,1,1,1,1,1,1,1,1,1,1,1,1,1,1,1,1,1,1,1,1,1,1,1,1,1,1,1
/home/sobhan_hosseini/datasets/mvtec/screw/train/good/059.png,0,,good,test,1,1,1,1,1,0,1,1,0,1,1,0,1,1,0,1,1,1,1,0,0,0,0,0,0,1,1,1,1,1,1,1,1,1,1,1,1,1,1,1,1,1,1,1,1,1,1,1,1,1,1,1
/home/sobhan_hosseini/datasets/mvtec/screw/train/good/060.png,0,,good,train,1,1,1,1,1,1,1,1,0,1,1,1,1,1,0,1,1,1,1,1,0,0,0,0,0,1,1,1,1,1,1,1,1,1,1,1,1,1,1,1,1,1,1,1,1,1,1,1,1,1,1,1
/home/sobhan_hosseini/datasets/mvtec/screw/train/good/061.png,0,,good,train,1,1,1,1,1,0,1,1,1,0,1,1,1,1,0,1,1,1,1,1,0,0,0,0,0,1,1,1,1,1,1,1,1,1,1,1,1,1,1,1,1,1,1,1,1,1,1,1,1,1,1,1
/home/sobhan_hosseini/datasets/mvtec/screw/train/good/062.png,0,,good,train,1,1,1,1,1,1,1,1,1,1,1,1,1,1,0,1,1,1,1,0,0,0,0,0,0,1,1,1,1,1,1,1,1,1,1,1,1,1,1,1,1,1,1,1,1,1,1,1,1,1,1,1
/home/sobhan_hosseini/datasets/mvtec/screw/train/good/063.png,0,,good,train,1,1,1,1,1,1,1,1,0,1,1,1,1,1,0,1,1,1,1,0,0,0,0,0,0,1,1,1,1,1,1,1,1,1,1,1,1,1,1,1,1,1,1,1,1,1,1,1,1,1,1,1
/home/sobhan_hosseini/datasets/mvtec/screw/train/good/064.png,0,,good,train,1,1,1,1,1,1,1,1,0,1,1,1,1,1,0,0,1,1,0,1,0,0,0,0,0,1,1,1,1,1,1,1,1,1,1,1,1,1,1,1,1,1,1,1,1,1,1,1,1,1,1,1
/home/sobhan_hosseini/datasets/mvtec/screw/train/good/065.png,0,,good,train,1,1,1,1,1,0,1,1,1,0,1,1,1,1,0,1,1,1,1,0,0,0,0,0,0,1,1,1,1,1,1,1,1,1,1,1,1,1,1,1,1,1,1,1,1,1,1,1,1,1,1,1
/home/sobhan_hosseini/datasets/mvtec/screw/train/good/066.png,0,,good,train,1,1,1,1,1,1,1,1,1,1,1,1,1,1,0,0,1,1,0,0,0,0,0,0,0,1,1,1,1,1,1,1,1,1,1,1,1,1,1,1,1,1,1,1,1,1,1,1,1,1,1,1
/home/sobhan_hosseini/datasets/mvtec/screw/train/good/067.png,0,,good,train,1,1,1,1,1,0,1,1,0,0,1,0,1,1,0,1,1,1,1,1,0,0,0,0,0,1,1,1,1,1,1,1,1,1,1,1,1,1,1,1,1,1,1,1,1,1,1,1,1,1,1,1
/home/sobhan_hosseini/datasets/mvtec/screw/train/good/068.png,0,,good,train,1,1,1,1,1,1,1,1,0,1,1,1,1,1,0,1,1,1,1,0,0,0,0,0,0,1,1,1,1,1,1,1,1,1,1,1,1,1,1,1,1,1,1,1,1,1,1,1,1,1,1,1
/home/sobhan_hosseini/datasets/mvtec/screw/train/good/069.png,0,,good,train,1,1,1,1,1,1,1,1,0,1,1,1,1,1,0,1,1,1,1,1,0,0,0,0,0,1,1,1,1,1,1,1,1,1,1,1,1,1,1,1,1,1,1,1,1,1,1,1,1,1,1,1
/home/sobhan_hosseini/datasets/mvtec/screw/train/good/070.png,0,,good,train,1,1,1,1,1,1,1,1,1,1,1,1,1,1,0,1,1,1,1,0,0,0,0,0,0,1,1,1,1,1,1,1,1,1,1,1,1,1,1,1,1,1,1,1,1,1,1,1,1,1,1,1
/home/sobhan_hosseini/datasets/mvtec/screw/train/good/071.png,0,,good,train,1,1,1,1,1,1,1,1,0,1,1,1,1,1,0,1,1,1,1,0,0,0,0,0,0,1,1,1,1,1,1,1,1,1,1,1,1,1,1,1,1,1,1,1,1,1,1,1,1,1,1,1
/home/sobhan_hosseini/datasets/mvtec/screw/train/good/072.png,0,,good,train,1,1,1,1,1,0,1,1,0,0,1,0,1,1,0,1,1,1,1,0,0,0,0,0,0,1,1,1,1,1,1,1,1,1,1,1,1,1,1,1,1,1,1,1,1,1,1,1,1,1,1,1
/home/sobhan_hosseini/datasets/mvtec/screw/train/good/073.png,0,,good,train,1,1,1,1,1,1,1,0,0,1,1,0,1,1,0,1,1,1,1,1,0,0,0,0,0,1,1,1,1,1,1,1,1,1,1,1,1,1,1,1,1,1,1,1,1,1,1,1,1,1,1,1
/home/sobhan_hosseini/datasets/mvtec/screw/train/good/074.png,0,,good,val,1,1,1,1,1,0,1,1,0,0,1,0,1,1,0,1,1,1,1,0,0,0,0,0,0,1,1,1,1,1,1,1,1,1,1,1,1,1,1,1,1,1,1,1,1,1,1,1,1,1,1,1
/home/sobhan_hosseini/datasets/mvtec/screw/train/good/075.png,0,,good,train,1,1,1,1,1,1,1,1,0,1,1,1,1,1,0,1,1,1,1,0,0,0,0,0,0,1,1,1,1,1,1,1,1,1,1,1,1,1,1,1,1,1,1,1,1,1,1,1,1,1,1,1
/home/sobhan_hosseini/datasets/mvtec/screw/train/good/076.png,0,,good,train,1,1,1,1,1,1,1,1,0,1,1,1,1,1,1,1,1,1,1,0,0,0,0,0,0,1,1,1,1,1,1,1,1,1,1,1,1,1,1,1,1,1,1,1,1,1,1,1,1,1,1,1
/home/sobhan_hosseini/datasets/mvtec/screw/train/good/077.png,0,,good,val,1,0,1,1,1,1,1,1,1,1,1,1,1,1,0,1,1,1,1,0,0,0,0,0,0,1,1,1,1,1,1,1,1,1,1,1,1,1,1,1,1,1,1,1,1,1,1,1,1,1,1,1
/home/sobhan_hosseini/datasets/mvtec/screw/train/good/078.png,0,,good,train,1,1,1,1,1,1,1,1,0,1,1,1,1,1,0,0,1,1,0,0,0,0,0,0,0,1,1,1,1,1,1,1,1,1,1,1,1,1,1,1,1,1,1,1,1,1,1,1,1,1,1,1
/home/sobhan_hosseini/datasets/mvtec/screw/train/good/079.png,0,,good,train,1,1,1,1,1,0,1,0,0,0,1,0,1,1,0,1,1,1,1,0,0,0,0,0,0,1,1,1,1,1,1,1,1,1,1,1,1,1,1,1,1,1,1,1,1,1,1,1,1,1,1,1
/home/sobhan_hosseini/datasets/mvtec/screw/train/good/080.png,0,,good,train,1,1,1,1,1,1,1,0,0,1,1,0,1,1,0,1,1,1,1,0,0,0,0,0,0,1,1,1,1,1,1,1,1,1,1,1,1,1,1,1,1,1,1,1,1,1,1,1,1,1,1,1
/home/sobhan_hosseini/datasets/mvtec/screw/train/good/081.png,0,,good,train,1,1,1,1,1,1,1,1,0,1,0,0,1,1,0,0,1,1,0,0,0,0,0,0,0,1,1,1,1,1,1,1,1,1,1,1,1,1,1,1,1,1,1,1,1,1,1,1,1,1,1,1
/home/sobhan_hosseini/datasets/mvtec/screw/train/good/082.png,0,,good,train,1,1,1,1,1,1,1,1,0,1,1,1,1,1,1,0,1,1,0,0,0,0,0,0,0,1,1,1,1,1,1,1,1,1,1,1,1,1,1,1,1,1,1,1,1,1,1,1,1,1,1,1
/home/sobhan_hosseini/datasets/mvtec/screw/train/good/083.png,0,,good,train,1,1,1,1,1,1,1,1,1,1,1,1,1,1,0,0,1,1,0,0,0,0,0,0,0,1,1,1,1,1,1,1,1,1,1,1,1,1,1,1,1,1,1,1,1,1,1,1,1,1,1,1
/home/sobhan_hosseini/datasets/mvtec/screw/train/good/084.png,0,,good,train,1,1,1,1,1,1,1,1,0,1,1,1,1,1,0,1,1,1,1,1,0,0,0,0,0,1,1,1,1,1,1,1,1,1,1,1,1,1,1,1,1,1,1,1,1,1,1,1,1,1,1,1
/home/sobhan_hosseini/datasets/mvtec/screw/train/good/085.png,0,,good,train,1,1,1,1,1,1,1,1,0,1,1,1,1,1,0,0,1,1,0,0,0,0,0,0,0,1,1,1,1,1,1,1,1,1,1,1,1,1,1,1,1,1,1,1,1,1,1,1,1,1,1,1
/home/sobhan_hosseini/datasets/mvtec/screw/train/good/086.png,0,,good,train,1,1,1,1,1,0,1,1,0,1,1,1,1,1,0,0,1,1,0,0,0,0,0,0,0,1,1,1,1,1,1,1,1,1,1,1,1,1,1,1,1,1,1,1,1,1,1,1,1,1,1,1
/home/sobhan_hosseini/datasets/mvtec/screw/train/good/087.png,0,,good,train,1,1,1,1,1,1,1,1,0,1,1,1,1,1,0,0,1,1,0,0,0,0,0,0,0,1,1,1,1,1,1,1,1,1,1,1,1,1,1,1,1,1,1,1,1,1,1,1,1,1,1,1
/home/sobhan_hosseini/datasets/mvtec/screw/train/good/088.png,0,,good,test,1,1,1,1,1,1,1,1,1,1,1,1,1,1,0,1,1,1,1,0,0,0,0,0,0,1,1,1,1,1,1,1,1,1,1,1,1,1,1,1,1,1,1,1,1,1,1,1,1,1,1,1
/home/sobhan_hosseini/datasets/mvtec/screw/train/good/089.png,0,,good,test,1,1,1,1,1,1,1,0,1,1,1,1,1,1,0,1,1,1,1,0,0,0,0,0,0,1,1,1,1,1,1,1,1,1,1,1,1,1,1,1,1,1,1,1,1,1,1,1,1,1,1,1
/home/sobhan_hosseini/datasets/mvtec/screw/train/good/090.png,0,,good,train,1,1,1,1,1,0,1,1,0,0,1,0,1,1,0,1,1,1,1,0,0,0,0,0,0,1,1,1,1,1,1,1,1,1,1,1,1,1,1,1,1,1,1,1,1,1,1,1,1,1,1,1
/home/sobhan_hosseini/datasets/mvtec/screw/train/good/091.png,0,,good,train,1,1,1,1,1,1,1,1,0,1,1,1,1,1,0,1,1,1,1,1,0,0,0,0,0,1,1,1,1,1,1,1,1,1,1,1,1,1,1,1,1,1,1,1,1,1,1,1,1,1,1,1
/home/sobhan_hosseini/datasets/mvtec/screw/train/good/092.png,0,,good,test,1,1,1,1,1,1,1,1,0,0,1,1,1,1,0,1,1,1,1,1,0,0,0,0,0,1,1,1,1,1,1,1,1,1,1,1,1,1,1,1,1,1,1,1,1,1,1,1,1,1,1,1
/home/sobhan_hosseini/datasets/mvtec/screw/train/good/093.png,0,,good,val,1,1,1,1,1,1,1,1,0,1,1,1,1,1,0,1,1,1,1,0,0,0,0,0,0,1,1,1,1,1,1,1,1,1,1,1,1,1,1,1,1,1,1,1,1,1,1,1,1,1,1,1
/home/sobhan_hosseini/datasets/mvtec/screw/train/good/094.png,0,,good,test,1,1,1,1,1,1,1,1,0,1,1,1,1,1,0,1,1,1,1,1,0,0,0,0,0,1,1,1,1,1,1,1,1,1,1,1,1,1,1,1,1,1,1,1,1,1,1,1,1,1,1,1
/home/sobhan_hosseini/datasets/mvtec/screw/train/good/095.png,0,,good,test,1,1,1,1,1,1,1,1,0,1,1,1,1,1,0,1,1,1,1,0,0,0,0,0,0,1,1,1,1,1,1,1,1,1,1,1,1,1,1,1,1,1,1,1,1,1,1,1,1,1,1,1
/home/sobhan_hosseini/datasets/mvtec/screw/train/good/096.png,0,,good,train,0,1,1,1,1,1,1,1,1,1,1,1,1,1,0,1,1,1,1,1,0,0,0,0,0,1,1,1,1,1,1,1,1,1,1,1,1,1,1,1,1,1,1,1,1,1,1,1,1,1,1,1
/home/sobhan_hosseini/datasets/mvtec/screw/train/good/097.png,0,,good,train,1,1,1,1,1,1,1,1,0,1,1,1,1,1,1,0,1,1,0,1,0,0,0,0,0,1,1,1,1,1,1,1,1,1,1,1,1,1,1,1,1,1,1,1,1,1,1,1,1,1,1,1
/home/sobhan_hosseini/datasets/mvtec/screw/train/good/098.png,0,,good,train,1,1,1,1,1,1,1,1,0,1,1,1,1,1,0,1,1,1,1,0,0,0,0,0,0,1,1,1,1,1,1,1,1,1,1,1,1,1,1,1,1,1,1,1,1,1,1,1,1,1,1,1
/home/sobhan_hosseini/datasets/mvtec/screw/train/good/099.png,0,,good,train,1,1,1,1,1,1,1,1,0,1,1,1,1,1,0,0,1,1,0,0,0,0,0,0,0,1,1,1,1,1,1,1,1,1,1,1,1,1,1,1,1,1,1,1,1,1,1,1,1,1,1,1
/home/sobhan_hosseini/datasets/mvtec/screw/train/good/100.png,0,,good,val,1,1,1,1,1,1,1,1,0,1,1,1,1,1,0,1,1,1,1,1,0,0,0,0,0,1,1,1,1,1,1,1,1,1,1,1,1,1,1,1,1,1,1,1,1,1,1,1,1,1,1,1
/home/sobhan_hosseini/datasets/mvtec/screw/train/good/101.png,0,,good,train,1,1,1,1,1,1,1,1,0,1,1,1,1,1,0,0,1,1,0,0,0,0,0,0,0,1,1,1,1,1,1,1,1,1,1,1,1,1,1,1,1,1,1,1,1,1,1,1,1,1,1,1
/home/sobhan_hosseini/datasets/mvtec/screw/train/good/102.png,0,,good,train,1,1,1,1,1,1,1,1,0,0,1,1,1,1,0,0,1,1,0,0,0,0,0,0,0,1,1,1,1,1,1,1,1,1,1,1,1,1,1,1,1,1,1,1,1,1,1,1,1,1,1,1
/home/sobhan_hosseini/datasets/mvtec/screw/train/good/103.png,0,,good,train,1,1,1,1,1,0,1,1,0,0,1,1,1,1,0,1,1,1,1,0,0,0,0,0,0,1,1,1,1,1,1,1,1,1,1,1,1,1,1,1,1,1,1,1,1,1,1,1,1,1,1,1
/home/sobhan_hosseini/datasets/mvtec/screw/train/good/104.png,0,,good,train,1,1,1,1,1,0,1,1,0,1,1,1,1,1,0,1,1,1,1,1,0,0,0,0,0,1,1,1,1,1,1,1,1,1,1,1,1,1,1,1,1,1,1,1,1,1,1,1,1,1,1,1
/home/sobhan_hosseini/datasets/mvtec/screw/train/good/105.png,0,,good,train,1,1,1,1,1,1,1,1,0,1,1,1,1,1,0,1,1,1,1,0,0,0,0,0,0,1,1,1,1,1,1,1,1,1,1,1,1,1,1,1,1,1,1,1,1,1,1,1,1,1,1,1
/home/sobhan_hosseini/datasets/mvtec/screw/train/good/106.png,0,,good,val,1,1,1,1,1,1,1,0,0,1,1,1,1,1,0,1,1,1,1,0,0,0,0,0,0,1,1,1,1,1,1,1,1,1,1,1,1,1,1,1,1,1,1,1,1,1,1,1,1,1,1,1
/home/sobhan_hosseini/datasets/mvtec/screw/train/good/107.png,0,,good,train,1,1,1,1,1,1,1,1,1,1,1,1,1,1,0,1,1,1,1,0,0,0,0,0,0,1,1,1,1,1,1,1,1,1,1,1,1,1,1,1,1,1,1,1,1,1,1,1,1,1,1,1
/home/sobhan_hosseini/datasets/mvtec/screw/train/good/108.png,0,,good,train,0,1,1,1,1,1,1,1,0,1,1,0,1,1,0,1,1,1,1,0,0,0,0,0,0,1,1,1,1,1,1,1,1,1,1,1,1,1,1,1,1,1,1,1,1,1,1,1,1,1,1,1
/home/sobhan_hosseini/datasets/mvtec/screw/train/good/109.png,0,,good,test,1,1,1,1,1,1,1,0,0,1,1,0,1,1,0,1,1,1,0,0,0,0,0,0,0,1,1,1,1,1,1,1,1,1,1,1,1,1,1,1,1,1,1,1,1,1,1,1,1,1,1,1
/home/sobhan_hosseini/datasets/mvtec/screw/train/good/110.png,0,,good,train,1,1,1,1,1,0,1,1,0,0,1,0,1,1,0,1,1,1,1,0,0,0,0,0,0,1,1,1,1,1,1,1,1,1,1,1,1,1,1,1,1,1,1,1,1,1,1,1,1,1,1,1
/home/sobhan_hosseini/datasets/mvtec/screw/train/good/111.png,0,,good,train,1,1,1,1,1,1,1,1,0,0,1,0,1,1,0,1,1,1,1,1,0,0,0,0,0,1,1,1,1,1,1,1,1,1,1,1,1,1,1,1,1,1,1,1,1,1,1,1,1,1,1,1
/home/sobhan_hosseini/datasets/mvtec/screw/train/good/112.png,0,,good,train,1,1,1,1,1,0,1,1,0,0,1,0,1,1,0,1,1,1,0,1,0,0,0,0,0,1,1,1,1,1,1,1,1,1,1,1,1,1,1,1,1,1,1,1,1,1,1,1,1,1,1,1
/home/sobhan_hosseini/datasets/mvtec/screw/train/good/113.png,0,,good,train,1,1,1,1,1,1,1,1,1,1,1,1,1,1,1,0,1,1,0,0,0,0,0,0,0,1,1,1,1,1,1,1,1,1,1,1,1,1,1,1,1,1,1,1,1,1,1,1,1,1,1,1
/home/sobhan_hosseini/datasets/mvtec/screw/train/good/114.png,0,,good,train,1,1,1,1,1,1,1,1,1,1,1,1,1,1,0,0,1,1,1,0,0,0,0,0,0,1,1,1,1,1,1,1,1,1,1,1,1,1,1,1,1,1,1,1,1,1,1,1,1,1,1,1
/home/sobhan_hosseini/datasets/mvtec/screw/train/good/115.png,0,,good,train,1,1,1,1,1,1,1,1,1,1,1,1,1,1,0,0,1,1,0,0,0,0,0,0,0,1,1,1,1,1,1,1,1,1,1,1,1,1,1,1,1,1,1,1,1,1,1,1,1,1,1,1
/home/sobhan_hosseini/datasets/mvtec/screw/train/good/116.png,0,,good,train,1,1,1,1,1,1,1,1,0,1,1,1,1,1,0,1,1,1,1,1,0,0,0,0,0,1,1,1,1,1,1,1,1,1,1,1,1,1,1,1,1,1,1,1,1,1,1,1,1,1,1,1
/home/sobhan_hosseini/datasets/mvtec/screw/train/good/117.png,0,,good,train,1,1,1,1,1,1,1,1,1,1,1,1,1,1,1,1,1,1,1,0,0,0,0,0,0,1,1,1,1,1,1,1,1,1,1,1,1,1,1,1,1,1,1,1,1,1,1,1,1,1,1,1
/home/sobhan_hosseini/datasets/mvtec/screw/train/good/118.png,0,,good,train,1,1,1,1,1,1,1,1,0,1,1,1,1,1,0,1,1,1,1,0,0,0,0,0,0,1,1,1,1,1,1,1,1,1,1,1,1,1,1,1,1,1,1,1,1,1,1,1,1,1,1,1
/home/sobhan_hosseini/datasets/mvtec/screw/train/good/119.png,0,,good,train,1,1,1,1,1,1,1,1,0,1,1,1,1,1,0,1,1,1,1,1,0,0,0,0,0,1,1,1,1,1,1,1,1,1,1,1,1,1,1,1,1,1,1,1,1,1,1,1,1,1,1,1
/home/sobhan_hosseini/datasets/mvtec/screw/train/good/120.png,0,,good,test,1,1,1,1,1,1,1,1,0,1,1,1,1,1,0,1,1,1,1,1,0,0,0,0,0,1,1,1,1,1,1,1,1,1,1,1,1,1,1,1,1,1,1,1,1,1,1,1,1,1,1,1
/home/sobhan_hosseini/datasets/mvtec/screw/train/good/121.png,0,,good,train,1,1,1,1,1,1,1,1,0,1,1,1,1,1,0,1,1,1,1,0,0,0,0,0,0,1,1,1,1,1,1,1,1,1,1,1,1,1,1,1,1,1,1,1,1,1,1,1,1,1,1,1
/home/sobhan_hosseini/datasets/mvtec/screw/train/good/122.png,0,,good,train,1,1,1,1,1,1,1,1,1,1,1,1,1,1,0,1,1,1,1,0,0,0,0,0,0,1,1,1,1,1,1,1,1,1,1,1,1,1,1,1,1,1,1,1,1,1,1,1,1,1,1,1
/home/sobhan_hosseini/datasets/mvtec/screw/train/good/123.png,0,,good,train,1,1,1,1,1,1,1,1,1,1,1,1,1,1,0,1,1,1,1,0,0,0,0,0,0,1,1,1,1,1,1,1,1,1,1,1,1,1,1,1,1,1,1,1,1,1,1,1,1,1,1,1
/home/sobhan_hosseini/datasets/mvtec/screw/train/good/124.png,0,,good,train,1,1,1,1,1,1,1,1,0,1,1,1,1,1,0,1,1,1,1,1,0,0,0,0,0,1,1,1,1,1,1,1,1,1,1,1,1,1,1,1,1,1,1,1,1,1,1,1,1,1,1,1
/home/sobhan_hosseini/datasets/mvtec/screw/train/good/125.png,0,,good,train,1,1,1,1,1,1,1,1,1,1,1,1,1,1,1,1,1,1,1,1,0,0,0,0,0,1,1,1,1,1,1,1,1,1,1,1,1,1,1,1,1,1,1,1,1,1,1,1,1,1,1,1
/home/sobhan_hosseini/datasets/mvtec/screw/train/good/126.png,0,,good,train,1,1,1,1,1,1,1,1,0,1,1,1,1,1,0,0,1,1,1,1,0,0,0,0,0,1,1,1,1,1,1,1,1,1,1,1,1,1,1,1,1,1,1,1,1,1,1,1,1,1,1,1
/home/sobhan_hosseini/datasets/mvtec/screw/train/good/127.png,0,,good,val,1,1,1,1,1,0,1,1,1,0,1,0,1,1,0,1,1,1,1,1,0,0,0,0,0,1,1,1,1,1,1,1,1,1,1,1,1,1,1,1,1,1,1,1,1,1,1,1,1,1,1,1
/home/sobhan_hosseini/datasets/mvtec/screw/train/good/128.png,0,,good,train,1,1,1,1,1,1,1,1,0,1,1,0,1,1,0,1,1,1,1,0,0,0,0,0,0,1,1,1,1,1,1,1,1,1,1,1,1,1,1,1,1,1,1,1,1,1,1,1,1,1,1,1
/home/sobhan_hosseini/datasets/mvtec/screw/train/good/129.png,0,,good,test,1,1,1,1,1,0,1,1,0,0,1,0,1,1,0,1,1,1,1,1,0,0,0,0,0,1,1,1,1,1,1,1,1,1,1,1,1,1,1,1,1,1,1,1,1,1,1,1,1,1,1,1
/home/sobhan_hosseini/datasets/mvtec/screw/train/good/130.png,0,,good,train,1,1,1,1,1,1,1,1,0,1,1,1,1,1,0,1,1,1,1,0,0,0,0,0,0,1,1,1,1,1,1,1,1,1,1,1,1,1,1,1,1,1,1,1,1,1,1,1,1,1,1,1
/home/sobhan_hosseini/datasets/mvtec/screw/train/good/131.png,0,,good,train,1,1,1,1,1,1,1,1,0,1,1,1,1,1,0,0,1,1,0,1,0,0,0,0,0,1,1,1,1,1,1,1,1,1,1,1,1,1,1,1,1,1,1,1,1,1,1,1,1,1,1,1
/home/sobhan_hosseini/datasets/mvtec/screw/train/good/132.png,0,,good,train,1,1,1,1,1,1,1,0,0,1,1,1,1,1,0,1,1,1,1,1,0,0,0,0,0,1,1,1,1,1,1,1,1,1,1,1,1,1,1,1,1,1,1,1,1,1,1,1,1,1,1,1
/home/sobhan_hosseini/datasets/mvtec/screw/train/good/133.png,0,,good,train,1,1,1,1,1,1,1,1,0,1,1,1,1,1,0,1,1,1,1,1,0,0,0,0,0,1,1,1,1,1,1,1,1,1,1,1,1,1,1,1,1,1,1,1,1,1,1,1,1,1,1,1
/home/sobhan_hosseini/datasets/mvtec/screw/train/good/134.png,0,,good,train,1,1,1,1,1,1,1,1,1,1,1,1,1,1,0,1,1,1,1,0,0,0,0,0,0,1,1,1,1,1,1,1,1,1,1,1,1,1,1,1,1,1,1,1,1,1,1,1,1,1,1,1
/home/sobhan_hosseini/datasets/mvtec/screw/train/good/135.png,0,,good,train,1,1,1,1,1,0,1,1,0,0,1,1,1,1,0,0,1,1,0,1,0,0,0,0,0,1,1,1,1,1,1,1,1,1,1,1,1,1,1,1,1,1,1,1,1,1,1,1,1,1,1,1
/home/sobhan_hosseini/datasets/mvtec/screw/train/good/136.png,0,,good,train,1,1,1,1,1,1,1,1,0,1,1,1,1,1,0,1,1,1,1,1,0,0,0,0,0,1,1,1,1,1,1,1,1,1,1,1,1,1,1,1,1,1,1,1,1,1,1,1,1,1,1,1
/home/sobhan_hosseini/datasets/mvtec/screw/train/good/137.png,0,,good,train,1,1,1,1,1,1,1,1,1,1,1,1,1,1,1,1,1,1,1,1,0,0,0,0,0,1,1,1,1,1,1,1,1,1,1,1,1,1,1,1,1,1,1,1,1,1,1,1,1,1,1,1
/home/sobhan_hosseini/datasets/mvtec/screw/train/good/138.png,0,,good,train,1,1,1,1,1,1,1,1,0,1,1,1,1,1,0,1,1,1,1,1,0,0,0,0,0,1,1,1,1,1,1,1,1,1,1,1,1,1,1,1,1,1,1,1,1,1,1,1,1,1,1,1
/home/sobhan_hosseini/datasets/mvtec/screw/train/good/139.png,0,,good,val,1,1,1,1,1,1,1,1,0,1,1,1,1,1,0,0,1,1,0,1,0,0,0,0,0,1,1,1,1,1,1,1,1,1,1,1,1,1,1,1,1,1,1,1,1,1,1,1,1,1,1,1
/home/sobhan_hosseini/datasets/mvtec/screw/train/good/140.png,0,,good,train,1,1,1,1,1,1,1,1,0,1,1,1,1,1,0,1,1,1,1,0,0,0,0,0,0,1,1,1,1,1,1,1,1,1,1,1,1,1,1,1,1,1,1,1,1,1,1,1,1,1,1,1
/home/sobhan_hosseini/datasets/mvtec/screw/train/good/141.png,0,,good,test,1,1,1,1,1,1,1,1,0,1,1,0,1,1,0,0,1,1,0,0,0,0,0,0,0,1,1,1,1,1,1,1,1,1,1,1,1,1,1,1,1,1,1,1,1,1,1,1,1,1,1,1
/home/sobhan_hosseini/datasets/mvtec/screw/train/good/142.png,0,,good,train,1,1,1,1,1,0,1,1,0,0,1,0,1,1,0,0,1,1,0,1,0,0,0,0,0,1,1,1,1,1,1,1,1,1,1,1,1,1,1,1,1,1,1,1,1,1,1,1,1,1,1,1
/home/sobhan_hosseini/datasets/mvtec/screw/train/good/143.png,0,,good,test,1,1,1,1,1,1,1,1,0,1,1,1,1,1,0,1,1,1,1,0,0,0,0,0,0,1,1,1,1,1,1,1,1,1,1,1,1,1,1,1,1,1,1,1,1,1,1,1,1,1,1,1
/home/sobhan_hosseini/datasets/mvtec/screw/train/good/144.png,0,,good,val,1,1,1,1,1,1,1,1,1,1,1,1,1,1,0,1,1,1,1,0,0,0,0,0,0,1,1,1,1,1,1,1,1,1,1,1,1,1,1,1,1,1,1,1,1,1,1,1,1,1,1,1
/home/sobhan_hosseini/datasets/mvtec/screw/train/good/145.png,0,,good,val,1,1,1,1,1,0,1,1,0,0,1,1,1,1,0,1,1,1,1,1,0,0,0,0,0,1,1,1,1,1,1,1,1,1,1,1,1,1,1,1,1,1,1,1,1,1,1,1,1,1,1,1
/home/sobhan_hosseini/datasets/mvtec/screw/train/good/146.png,0,,good,train,1,1,1,1,1,0,1,1,0,0,1,0,1,1,0,1,1,1,1,1,0,0,0,0,0,1,1,1,1,1,1,1,1,1,1,1,1,1,1,1,1,1,1,1,1,1,1,1,1,1,1,1
/home/sobhan_hosseini/datasets/mvtec/screw/train/good/147.png,0,,good,train,1,1,1,1,1,1,1,1,1,1,1,1,1,1,0,1,1,1,1,0,0,0,0,0,0,1,1,1,1,1,1,1,1,1,1,1,1,1,1,1,1,1,1,1,1,1,1,1,1,1,1,1
/home/sobhan_hosseini/datasets/mvtec/screw/train/good/148.png,0,,good,train,1,1,1,1,1,0,1,1,0,0,1,0,1,1,0,1,1,1,1,1,0,0,0,0,0,1,1,1,1,1,1,1,1,1,1,1,1,1,1,1,1,1,1,1,1,1,1,1,1,1,1,1
/home/sobhan_hosseini/datasets/mvtec/screw/train/good/149.png,0,,good,train,1,1,1,1,1,1,1,1,0,1,1,1,1,1,0,1,1,1,1,1,0,0,0,0,0,1,1,1,1,1,1,1,1,1,1,1,1,1,1,1,1,1,1,1,1,1,1,1,1,1,1,1
/home/sobhan_hosseini/datasets/mvtec/screw/train/good/150.png,0,,good,train,1,1,1,1,1,1,1,1,0,1,1,1,1,1,0,0,1,1,0,1,0,0,0,0,0,1,1,1,1,1,1,1,1,1,1,1,1,1,1,1,1,1,1,1,1,1,1,1,1,1,1,1
/home/sobhan_hosseini/datasets/mvtec/screw/train/good/151.png,0,,good,val,1,1,1,1,1,0,1,1,0,0,1,1,1,1,0,1,1,1,1,1,0,0,0,0,0,1,1,1,1,1,1,1,1,1,1,1,1,1,1,1,1,1,1,1,1,1,1,1,1,1,1,1
/home/sobhan_hosseini/datasets/mvtec/screw/train/good/152.png,0,,good,train,1,1,1,1,1,1,1,1,0,1,1,1,1,1,0,1,1,1,1,1,0,0,0,0,0,1,1,1,1,1,1,1,1,1,1,1,1,1,1,1,1,1,1,1,1,1,1,1,1,1,1,1
/home/sobhan_hosseini/datasets/mvtec/screw/train/good/153.png,0,,good,test,1,1,1,1,1,1,1,1,1,1,1,1,1,1,0,1,1,1,1,0,0,0,0,0,0,1,1,1,1,1,1,1,1,1,1,1,1,1,1,1,1,1,1,1,1,1,1,1,1,1,1,1
/home/sobhan_hosseini/datasets/mvtec/screw/train/good/154.png,0,,good,val,1,1,1,1,1,1,1,1,0,1,1,1,1,1,1,1,1,1,1,0,0,0,0,0,0,1,1,1,1,1,1,1,1,1,1,1,1,1,1,1,1,1,1,1,1,1,1,1,1,1,1,1
/home/sobhan_hosseini/datasets/mvtec/screw/train/good/155.png,0,,good,train,1,1,1,1,1,1,1,1,1,1,1,0,1,1,0,0,1,1,1,0,0,0,0,0,0,1,1,1,1,1,1,1,1,1,1,1,1,1,1,1,1,1,1,1,1,1,1,1,1,1,1,1
/home/sobhan_hosseini/datasets/mvtec/screw/train/good/156.png,0,,good,train,1,1,1,1,1,1,1,0,1,1,1,1,1,1,0,1,1,1,1,0,0,0,0,0,0,1,1,1,1,1,1,1,1,1,1,1,1,1,1,1,1,1,1,1,1,1,1,1,1,1,1,1
/home/sobhan_hosseini/datasets/mvtec/screw/train/good/157.png,0,,good,train,1,1,1,1,1,0,1,0,0,0,1,0,1,1,0,1,1,1,1,1,0,0,0,0,0,1,1,1,1,1,1,1,1,1,1,1,1,1,1,1,1,1,1,1,1,1,1,1,1,1,1,1
/home/sobhan_hosseini/datasets/mvtec/screw/train/good/158.png,0,,good,train,1,1,1,1,1,1,1,1,0,1,1,0,1,1,0,0,1,1,0,0,0,0,0,0,0,1,1,1,1,1,1,1,1,1,1,1,1,1,1,1,1,1,1,1,1,1,1,1,1,1,1,1
/home/sobhan_hosseini/datasets/mvtec/screw/train/good/159.png,0,,good,train,1,1,1,1,1,0,1,1,1,1,1,1,1,1,0,0,1,1,0,0,0,0,0,0,0,1,1,1,1,1,1,1,1,1,1,1,1,1,1,1,1,1,1,1,1,1,1,1,1,1,1,1
/home/sobhan_hosseini/datasets/mvtec/screw/train/good/160.png,0,,good,test,1,1,1,1,1,1,1,1,0,1,1,0,1,1,0,1,1,1,1,0,0,0,0,0,0,1,1,1,1,1,1,1,1,1,1,1,1,1,1,1,1,1,1,1,1,1,1,1,1,1,1,1
/home/sobhan_hosseini/datasets/mvtec/screw/train/good/161.png,0,,good,train,1,1,1,1,1,1,1,1,0,1,1,1,1,1,0,1,1,1,1,0,0,0,0,0,0,1,1,1,1,1,1,1,1,1,1,1,1,1,1,1,1,1,1,1,1,1,1,1,1,1,1,1
/home/sobhan_hosseini/datasets/mvtec/screw/train/good/162.png,0,,good,train,1,1,1,1,1,1,1,1,0,1,1,1,1,1,0,1,1,1,1,1,0,0,0,0,0,1,1,1,1,1,1,1,1,1,1,1,1,1,1,1,1,1,1,1,1,1,1,1,1,1,1,1
/home/sobhan_hosseini/datasets/mvtec/screw/train/good/163.png,0,,good,train,1,1,1,1,1,0,1,0,0,0,1,0,1,1,0,1,1,1,1,1,0,0,0,0,0,1,1,1,1,1,1,1,1,1,1,1,1,1,1,1,1,1,1,1,1,1,1,1,1,1,1,1
/home/sobhan_hosseini/datasets/mvtec/screw/train/good/164.png,0,,good,test,1,1,1,1,1,1,1,1,0,1,1,0,1,1,0,1,1,1,1,1,0,0,0,0,0,1,1,1,1,1,1,1,1,1,1,1,1,1,1,1,1,1,1,1,1,1,1,1,1,1,1,1
/home/sobhan_hosseini/datasets/mvtec/screw/train/good/165.png,0,,good,train,1,1,1,1,1,1,1,1,1,1,1,1,1,1,0,1,1,1,1,0,0,0,0,0,0,1,1,1,1,1,1,1,1,1,1,1,1,1,1,1,1,1,1,1,1,1,1,1,1,1,1,1
/home/sobhan_hosseini/datasets/mvtec/screw/train/good/166.png,0,,good,train,1,1,1,1,1,0,1,1,0,1,0,1,1,1,0,0,1,1,0,0,0,0,0,0,0,1,1,1,1,1,1,1,1,1,1,1,1,1,1,1,1,1,1,1,1,1,1,1,1,1,1,1
/home/sobhan_hosseini/datasets/mvtec/screw/train/good/167.png,0,,good,train,1,1,1,1,1,1,1,1,1,1,1,1,1,1,0,1,1,1,1,0,0,0,0,0,0,1,1,1,1,1,1,1,1,1,1,1,1,1,1,1,1,1,1,1,1,1,1,1,1,1,1,1
/home/sobhan_hosseini/datasets/mvtec/screw/train/good/168.png,0,,good,train,1,1,1,1,1,0,1,1,1,0,1,0,1,1,0,1,1,1,1,0,0,0,0,0,0,1,1,1,1,1,1,1,1,1,1,1,1,1,1,1,1,1,1,1,1,1,1,1,1,1,1,1
/home/sobhan_hosseini/datasets/mvtec/screw/train/good/169.png,0,,good,test,1,1,1,1,1,1,1,1,1,1,1,1,1,1,0,1,1,1,1,1,0,0,0,0,0,1,1,1,1,1,1,1,1,1,1,1,1,1,1,1,1,1,1,1,1,1,1,1,1,1,1,1
/home/sobhan_hosseini/datasets/mvtec/screw/train/good/170.png,0,,good,test,1,1,1,1,1,1,1,1,1,1,1,1,1,1,0,0,1,1,0,0,0,0,0,0,0,1,1,1,1,1,1,1,1,1,1,1,1,1,1,1,1,1,1,1,1,1,1,1,1,1,1,1
/home/sobhan_hosseini/datasets/mvtec/screw/train/good/171.png,0,,good,train,1,1,1,1,1,1,1,1,0,1,1,1,1,1,0,1,1,1,1,0,0,0,0,0,0,1,1,1,1,1,1,1,1,1,1,1,1,1,1,1,1,1,1,1,1,1,1,1,1,1,1,1
/home/sobhan_hosseini/datasets/mvtec/screw/train/good/172.png,0,,good,train,1,1,1,1,1,1,1,1,0,1,1,1,1,1,0,0,1,1,0,0,0,0,0,0,0,1,1,1,1,1,1,1,1,1,1,1,1,1,1,1,1,1,1,1,1,1,1,1,1,1,1,1
/home/sobhan_hosseini/datasets/mvtec/screw/train/good/173.png,0,,good,train,1,1,1,1,1,1,1,1,0,1,1,1,1,1,0,1,1,1,1,1,0,0,0,0,0,1,1,1,1,1,1,1,1,1,1,1,1,1,1,1,1,1,1,1,1,1,1,1,1,1,1,1
/home/sobhan_hosseini/datasets/mvtec/screw/train/good/174.png,0,,good,train,1,1,1,1,1,1,1,1,0,1,1,1,1,1,0,1,1,1,1,1,0,0,0,0,0,1,1,1,1,1,1,1,1,1,1,1,1,1,1,1,1,1,1,1,1,1,1,1,1,1,1,1
/home/sobhan_hosseini/datasets/mvtec/screw/train/good/175.png,0,,good,val,1,1,1,1,1,0,1,1,1,1,1,1,1,1,0,0,1,1,0,0,0,0,0,0,0,1,1,1,1,1,1,1,1,1,1,1,1,1,1,1,1,1,1,1,1,1,1,1,1,1,1,1
/home/sobhan_hosseini/datasets/mvtec/screw/train/good/176.png,0,,good,train,1,1,1,1,1,0,1,1,0,0,1,0,1,1,0,1,1,1,1,1,0,0,0,0,0,1,1,1,1,1,1,1,1,1,1,1,1,1,1,1,1,1,1,1,1,1,1,1,1,1,1,1
/home/sobhan_hosseini/datasets/mvtec/screw/train/good/177.png,0,,good,val,1,1,1,1,1,1,1,1,0,1,1,1,1,1,0,1,1,1,1,0,0,0,0,0,0,1,1,1,1,1,1,1,1,1,1,1,1,1,1,1,1,1,1,1,1,1,1,1,1,1,1,1
/home/sobhan_hosseini/datasets/mvtec/screw/train/good/178.png,0,,good,train,1,1,1,1,1,1,1,1,1,1,1,1,1,1,0,1,1,1,1,1,0,0,0,0,0,1,1,1,1,1,1,1,1,1,1,1,1,1,1,1,1,1,1,1,1,1,1,1,1,1,1,1
/home/sobhan_hosseini/datasets/mvtec/screw/train/good/179.png,0,,good,val,1,1,1,1,1,1,1,1,0,1,1,1,1,1,1,1,1,1,1,0,0,0,0,0,0,1,1,1,1,1,1,1,1,1,1,1,1,1,1,1,1,1,1,1,1,1,1,1,1,1,1,1
/home/sobhan_hosseini/datasets/mvtec/screw/train/good/180.png,0,,good,val,1,1,1,1,1,1,1,0,0,1,1,1,1,1,0,1,1,1,1,1,0,0,0,0,0,1,1,1,1,1,1,1,1,1,1,1,1,1,1,1,1,1,1,1,1,1,1,1,1,1,1,1
/home/sobhan_hosseini/datasets/mvtec/screw/train/good/181.png,0,,good,train,1,1,1,1,1,1,1,1,0,1,1,1,1,1,0,1,1,1,1,1,0,0,0,0,0,1,1,1,1,1,1,1,1,1,1,1,1,1,1,1,1,1,1,1,1,1,1,1,1,1,1,1
/home/sobhan_hosseini/datasets/mvtec/screw/train/good/182.png,0,,good,train,1,1,1,1,1,1,1,1,0,1,1,1,1,1,1,1,1,1,1,1,0,0,0,0,0,1,1,1,1,1,1,1,1,1,1,1,1,1,1,1,1,1,1,1,1,1,1,1,1,1,1,1
/home/sobhan_hosseini/datasets/mvtec/screw/train/good/183.png,0,,good,train,1,1,1,1,1,1,1,1,1,1,1,1,1,1,0,1,1,1,1,0,0,0,0,0,0,1,1,1,1,1,1,1,1,1,1,1,1,1,1,1,1,1,1,1,1,1,1,1,1,1,1,1
/home/sobhan_hosseini/datasets/mvtec/screw/train/good/184.png,0,,good,train,1,1,1,1,1,1,1,1,0,1,1,1,1,1,0,1,1,1,1,0,0,0,0,0,0,1,1,1,1,1,1,1,1,1,1,1,1,1,1,1,1,1,1,1,1,1,1,1,1,1,1,1
/home/sobhan_hosseini/datasets/mvtec/screw/train/good/185.png,0,,good,train,1,1,1,1,1,1,1,1,1,1,1,1,1,1,0,1,1,1,1,0,0,0,0,0,0,1,1,1,1,1,1,1,1,1,1,1,1,1,1,1,1,1,1,1,1,1,1,1,1,1,1,1
/home/sobhan_hosseini/datasets/mvtec/screw/train/good/186.png,0,,good,train,1,0,1,1,1,1,1,1,0,1,1,1,1,1,0,0,1,1,1,1,0,0,0,0,0,1,1,1,1,1,1,1,1,1,1,1,1,1,1,1,1,1,1,1,1,1,1,1,1,1,1,1
/home/sobhan_hosseini/datasets/mvtec/screw/train/good/187.png,0,,good,test,1,1,1,1,1,1,1,1,1,1,1,1,1,1,1,1,1,1,1,0,0,0,0,0,0,1,1,1,1,1,1,1,1,1,1,1,1,1,1,1,1,1,1,1,1,1,1,1,1,1,1,1
/home/sobhan_hosseini/datasets/mvtec/screw/train/good/188.png,0,,good,train,1,1,1,1,1,1,1,1,0,1,1,1,1,1,0,1,1,1,1,1,0,0,0,0,0,1,1,1,1,1,1,1,1,1,1,1,1,1,1,1,1,1,1,1,1,1,1,1,1,1,1,1
/home/sobhan_hosseini/datasets/mvtec/screw/train/good/189.png,0,,good,train,1,1,1,1,1,1,1,1,0,1,1,1,1,1,0,1,1,1,1,1,0,0,0,0,0,1,1,1,1,1,1,1,1,1,1,1,1,1,1,1,1,1,1,1,1,1,1,1,1,1,1,1
/home/sobhan_hosseini/datasets/mvtec/screw/train/good/190.png,0,,good,train,1,1,1,1,1,0,1,1,0,0,1,1,1,1,0,0,1,1,0,1,0,0,0,0,0,1,1,1,1,1,1,1,1,1,1,1,1,1,1,1,1,1,1,1,1,1,1,1,1,1,1,1
/home/sobhan_hosseini/datasets/mvtec/screw/train/good/191.png,0,,good,train,1,1,1,1,1,1,1,1,0,1,1,1,1,1,0,0,1,1,0,1,0,0,0,0,0,1,1,1,1,1,1,1,1,1,1,1,1,1,1,1,1,1,1,1,1,1,1,1,1,1,1,1
/home/sobhan_hosseini/datasets/mvtec/screw/train/good/192.png,0,,good,train,1,1,1,1,1,1,1,1,0,1,1,1,1,1,0,0,1,1,0,1,0,0,0,0,0,1,1,1,1,1,1,1,1,1,1,1,1,1,1,1,1,1,1,1,1,1,1,1,1,1,1,1
/home/sobhan_hosseini/datasets/mvtec/screw/train/good/193.png,0,,good,train,1,1,1,1,1,1,1,1,0,1,1,1,1,1,0,1,1,1,0,0,0,0,0,0,0,1,1,1,1,1,1,1,1,1,1,1,1,1,1,1,1,1,1,1,1,1,1,1,1,1,1,1
/home/sobhan_hosseini/datasets/mvtec/screw/train/good/194.png,0,,good,train,1,1,1,1,1,0,1,1,1,0,1,1,1,1,0,0,1,1,0,0,0,0,0,0,0,1,1,1,1,1,1,1,1,1,1,1,1,1,1,1,1,1,1,1,1,1,1,1,1,1,1,1
/home/sobhan_hosseini/datasets/mvtec/screw/train/good/195.png,0,,good,train,1,1,1,1,1,1,1,1,0,1,1,1,1,1,0,1,1,1,1,1,0,0,0,0,0,1,1,1,1,1,1,1,1,1,1,1,1,1,1,1,1,1,1,1,1,1,1,1,1,1,1,1
/home/sobhan_hosseini/datasets/mvtec/screw/train/good/196.png,0,,good,train,1,1,1,1,1,1,1,1,0,1,1,1,1,1,0,0,1,1,1,0,0,0,0,0,0,1,1,1,1,1,1,1,1,1,1,1,1,1,1,1,1,1,1,1,1,1,1,1,1,1,1,1
/home/sobhan_hosseini/datasets/mvtec/screw/train/good/197.png,0,,good,train,1,1,1,1,1,1,1,1,0,1,1,1,1,1,0,0,1,1,0,1,0,0,0,0,0,1,1,1,1,1,1,1,1,1,1,1,1,1,1,1,1,1,1,1,1,1,1,1,1,1,1,1
/home/sobhan_hosseini/datasets/mvtec/screw/train/good/198.png,0,,good,test,1,1,1,1,1,1,1,1,0,1,1,1,1,1,0,1,1,1,1,0,0,0,0,0,0,1,1,1,1,1,1,1,1,1,1,1,1,1,1,1,1,1,1,1,1,1,1,1,1,1,1,1
/home/sobhan_hosseini/datasets/mvtec/screw/train/good/199.png,0,,good,train,1,1,1,1,1,0,1,1,0,0,1,0,1,1,0,0,1,1,0,0,0,0,0,0,0,1,1,1,1,1,1,1,1,1,1,1,1,1,1,1,1,1,1,1,1,1,1,1,1,1,1,1
/home/sobhan_hosseini/datasets/mvtec/screw/train/good/200.png,0,,good,train,1,1,1,1,1,1,1,1,1,1,1,1,1,1,0,0,1,1,0,0,0,0,0,0,0,1,1,1,1,1,1,1,1,1,1,1,1,1,1,1,1,1,1,1,1,1,1,1,1,1,1,1
/home/sobhan_hosseini/datasets/mvtec/screw/train/good/201.png,0,,good,val,1,1,1,1,1,0,1,1,0,0,1,1,1,1,0,1,1,1,1,1,0,0,0,0,0,1,1,1,1,1,1,1,1,1,1,1,1,1,1,1,1,1,1,1,1,1,1,1,1,1,1,1
/home/sobhan_hosseini/datasets/mvtec/screw/train/good/202.png,0,,good,train,1,1,1,1,1,1,1,1,0,1,1,1,1,1,0,1,1,1,1,1,0,0,0,0,0,1,1,1,1,1,1,1,1,1,1,1,1,1,1,1,1,1,1,1,1,1,1,1,1,1,1,1
/home/sobhan_hosseini/datasets/mvtec/screw/train/good/203.png,0,,good,train,1,1,1,1,1,1,1,1,1,1,1,1,1,1,1,1,1,1,1,1,0,0,0,0,0,1,1,1,1,1,1,1,1,1,1,1,1,1,1,1,1,1,1,1,1,1,1,1,1,1,1,1
/home/sobhan_hosseini/datasets/mvtec/screw/train/good/204.png,0,,good,train,1,1,1,1,1,1,1,1,1,1,1,1,1,1,0,1,1,1,1,0,0,0,0,0,0,1,1,1,1,1,1,1,1,1,1,1,1,1,1,1,1,1,1,1,1,1,1,1,1,1,1,1
/home/sobhan_hosseini/datasets/mvtec/screw/train/good/205.png,0,,good,train,1,1,1,1,1,1,1,1,1,1,1,1,1,1,1,1,1,1,1,0,0,0,0,0,0,1,1,1,1,1,1,1,1,1,1,1,1,1,1,1,1,1,1,1,1,1,1,1,1,1,1,1
/home/sobhan_hosseini/datasets/mvtec/screw/train/good/206.png,0,,good,train,1,1,1,1,1,1,1,1,0,1,1,1,1,1,0,0,1,1,0,1,0,0,0,0,0,1,1,1,1,1,1,1,1,1,1,1,1,1,1,1,1,1,1,1,1,1,1,1,1,1,1,1
/home/sobhan_hosseini/datasets/mvtec/screw/train/good/207.png,0,,good,test,1,1,1,1,1,1,1,1,1,1,1,1,1,1,1,1,1,1,1,0,0,0,0,0,0,1,1,1,1,1,1,1,1,1,1,1,1,1,1,1,1,1,1,1,1,1,1,1,1,1,1,1
/home/sobhan_hosseini/datasets/mvtec/screw/train/good/208.png,0,,good,val,1,1,1,1,1,1,1,1,0,1,1,1,1,1,0,1,1,1,1,1,0,0,0,0,0,1,1,1,1,1,1,1,1,1,1,1,1,1,1,1,1,1,1,1,1,1,1,1,1,1,1,1
/home/sobhan_hosseini/datasets/mvtec/screw/train/good/209.png,0,,good,val,1,1,1,1,1,1,1,1,0,1,1,1,1,1,0,1,1,1,1,1,0,0,0,0,0,1,1,1,1,1,1,1,1,1,1,1,1,1,1,1,1,1,1,1,1,1,1,1,1,1,1,1
/home/sobhan_hosseini/datasets/mvtec/screw/train/good/210.png,0,,good,train,1,1,1,1,1,1,1,1,0,1,1,1,1,1,0,1,1,1,1,1,0,0,0,0,0,1,1,1,1,1,1,1,1,1,1,1,1,1,1,1,1,1,1,1,1,1,1,1,1,1,1,1
/home/sobhan_hosseini/datasets/mvtec/screw/train/good/211.png,0,,good,train,1,1,1,1,1,1,1,1,1,1,1,1,1,1,0,1,1,1,0,1,0,0,0,0,0,1,1,1,1,1,1,1,1,1,1,1,1,1,1,1,1,1,1,1,1,1,1,1,1,1,1,1
/home/sobhan_hosseini/datasets/mvtec/screw/train/good/212.png,0,,good,train,1,1,1,1,1,1,1,1,0,1,0,1,1,1,0,0,1,1,0,1,0,0,0,0,0,1,1,1,1,1,1,1,1,1,1,1,1,1,1,1,1,1,1,1,1,1,1,1,1,1,1,1
/home/sobhan_hosseini/datasets/mvtec/screw/train/good/213.png,0,,good,test,1,1,1,1,1,1,1,1,1,1,1,1,1,1,0,1,1,1,1,0,0,0,0,0,0,1,1,1,1,1,1,1,1,1,1,1,1,1,1,1,1,1,1,1,1,1,1,1,1,1,1,1
/home/sobhan_hosseini/datasets/mvtec/screw/train/good/214.png,0,,good,train,1,1,1,1,1,1,1,1,0,1,1,1,1,1,0,0,1,1,0,1,0,0,0,0,0,1,1,1,1,1,1,1,1,1,1,1,1,1,1,1,1,1,1,1,1,1,1,1,1,1,1,1
/home/sobhan_hosseini/datasets/mvtec/screw/train/good/215.png,0,,good,test,1,1,1,1,1,1,1,1,0,1,1,1,1,1,0,1,1,1,1,1,0,0,0,0,0,1,1,1,1,1,1,1,1,1,1,1,1,1,1,1,1,1,1,1,1,1,1,1,1,1,1,1
/home/sobhan_hosseini/datasets/mvtec/screw/train/good/216.png,0,,good,train,1,1,1,1,1,0,1,1,0,0,0,1,1,1,0,1,1,1,1,1,0,0,0,0,0,1,1,1,1,1,1,1,1,1,1,1,1,1,1,1,1,1,1,1,1,1,1,1,1,1,1,1
/home/sobhan_hosseini/datasets/mvtec/screw/train/good/217.png,0,,good,train,1,1,1,1,1,1,1,1,0,1,1,1,1,1,0,0,1,1,0,1,0,0,0,0,0,1,1,1,1,1,1,1,1,1,1,1,1,1,1,1,1,1,1,1,1,1,1,1,1,1,1,1
/home/sobhan_hosseini/datasets/mvtec/screw/train/good/218.png,0,,good,train,1,1,1,1,1,0,1,1,0,0,1,1,1,1,0,1,1,1,1,1,0,0,0,0,0,1,1,1,1,1,1,1,1,1,1,1,1,1,1,1,1,1,1,1,1,1,1,1,1,1,1,1
/home/sobhan_hosseini/datasets/mvtec/screw/train/good/219.png,0,,good,train,1,1,1,1,1,1,1,1,0,1,1,0,1,1,0,1,1,1,1,0,0,0,0,0,0,1,1,1,1,1,1,1,1,1,1,1,1,1,1,1,1,1,1,1,1,1,1,1,1,1,1,1
/home/sobhan_hosseini/datasets/mvtec/screw/train/good/220.png,0,,good,train,1,1,1,1,1,1,1,1,1,1,1,1,1,1,0,1,1,1,1,1,0,0,0,0,0,1,1,1,1,1,1,1,1,1,1,1,1,1,1,1,1,1,1,1,1,1,1,1,1,1,1,1
/home/sobhan_hosseini/datasets/mvtec/screw/train/good/221.png,0,,good,train,1,1,1,1,1,1,1,1,0,1,1,1,1,1,0,1,1,1,0,1,0,0,0,0,0,1,1,1,1,1,1,1,1,1,1,1,1,1,1,1,1,1,1,1,1,1,1,1,1,1,1,1
/home/sobhan_hosseini/datasets/mvtec/screw/train/good/222.png,0,,good,train,1,1,1,1,1,1,1,1,1,1,1,1,1,1,0,1,1,1,1,0,0,0,0,0,0,1,1,1,1,1,1,1,1,1,1,1,1,1,1,1,1,1,1,1,1,1,1,1,1,1,1,1
/home/sobhan_hosseini/datasets/mvtec/screw/train/good/223.png,0,,good,test,1,1,1,1,1,1,1,1,0,1,1,1,1,1,0,1,1,1,1,1,0,0,0,0,0,1,1,1,1,1,1,1,1,1,1,1,1,1,1,1,1,1,1,1,1,1,1,1,1,1,1,1
/home/sobhan_hosseini/datasets/mvtec/screw/train/good/224.png,0,,good,train,1,1,1,1,1,1,1,1,0,1,1,1,1,1,0,1,1,1,1,1,0,0,0,0,0,1,1,1,1,1,1,1,1,1,1,1,1,1,1,1,1,1,1,1,1,1,1,1,1,1,1,1
/home/sobhan_hosseini/datasets/mvtec/screw/train/good/225.png,0,,good,train,1,1,1,1,1,1,1,1,0,1,1,1,1,1,0,1,1,1,1,1,0,0,0,0,0,1,1,1,1,1,1,1,1,1,1,1,1,1,1,1,1,1,1,1,1,1,1,1,1,1,1,1
/home/sobhan_hosseini/datasets/mvtec/screw/train/good/226.png,0,,good,train,1,1,1,1,1,1,1,1,0,1,1,1,1,1,0,0,1,1,0,1,0,0,0,0,0,1,1,1,1,1,1,1,1,1,1,1,1,1,1,1,1,1,1,1,1,1,1,1,1,1,1,1
/home/sobhan_hosseini/datasets/mvtec/screw/train/good/227.png,0,,good,train,1,1,1,1,1,1,1,1,0,1,1,0,1,1,0,1,1,1,1,1,0,0,0,0,0,1,1,1,1,1,1,1,1,1,1,1,1,1,1,1,1,1,1,1,1,1,1,1,1,1,1,1
/home/sobhan_hosseini/datasets/mvtec/screw/train/good/228.png,0,,good,train,1,1,1,1,1,1,1,1,0,1,1,1,1,1,1,1,1,1,1,1,0,0,0,0,0,1,1,1,1,1,1,1,1,1,1,1,1,1,1,1,1,1,1,1,1,1,1,1,1,1,1,1
/home/sobhan_hosseini/datasets/mvtec/screw/train/good/229.png,0,,good,train,1,1,1,1,1,1,1,1,0,1,1,1,1,1,0,1,1,1,1,1,0,0,0,0,0,1,1,1,1,1,1,1,1,1,1,1,1,1,1,1,1,1,1,1,1,1,1,1,1,1,1,1
/home/sobhan_hosseini/datasets/mvtec/screw/train/good/230.png,0,,good,val,1,1,1,1,1,0,1,1,1,0,1,0,1,1,0,1,1,1,1,0,0,0,0,0,0,1,1,1,1,1,1,1,1,1,1,1,1,1,1,1,1,1,1,1,1,1,1,1,1,1,1,1
/home/sobhan_hosseini/datasets/mvtec/screw/train/good/231.png,0,,good,train,1,1,1,1,1,1,1,1,1,1,1,1,1,1,0,1,1,1,1,1,0,0,0,0,0,1,1,1,1,1,1,1,1,1,1,1,1,1,1,1,1,1,1,1,1,1,1,1,1,1,1,1
/home/sobhan_hosseini/datasets/mvtec/screw/train/good/232.png,0,,good,train,1,1,1,1,1,1,1,1,1,1,1,1,1,1,0,0,1,1,0,0,0,0,0,0,0,1,1,1,1,1,1,1,1,1,1,1,1,1,1,1,1,1,1,1,1,1,1,1,1,1,1,1
/home/sobhan_hosseini/datasets/mvtec/screw/train/good/233.png,0,,good,train,1,1,1,1,1,1,1,1,0,1,1,0,1,1,0,1,1,1,1,0,0,0,0,0,0,1,1,1,1,1,1,1,1,1,1,1,1,1,1,1,1,1,1,1,1,1,1,1,1,1,1,1
/home/sobhan_hosseini/datasets/mvtec/screw/train/good/234.png,0,,good,train,1,1,1,1,1,1,1,1,0,1,1,1,1,1,0,1,1,1,1,1,0,0,0,0,0,1,1,1,1,1,1,1,1,1,1,1,1,1,1,1,1,1,1,1,1,1,1,1,1,1,1,1
/home/sobhan_hosseini/datasets/mvtec/screw/train/good/235.png,0,,good,train,1,1,1,1,1,1,1,1,0,1,1,0,1,1,0,1,1,1,1,0,0,0,0,0,0,1,1,1,1,1,1,1,1,1,1,1,1,1,1,1,1,1,1,1,1,1,1,1,1,1,1,1
/home/sobhan_hosseini/datasets/mvtec/screw/train/good/236.png,0,,good,train,1,1,1,1,1,1,1,1,0,1,1,1,1,1,0,0,1,1,0,1,0,0,0,0,0,1,1,1,1,1,1,1,1,1,1,1,1,1,1,1,1,1,1,1,1,1,1,1,1,1,1,1
/home/sobhan_hosseini/datasets/mvtec/screw/train/good/237.png,0,,good,train,1,1,1,1,1,1,1,1,1,1,1,1,1,1,0,1,1,1,1,1,0,0,0,0,0,1,1,1,1,1,1,1,1,1,1,1,1,1,1,1,1,1,1,1,1,1,1,1,1,1,1,1
/home/sobhan_hosseini/datasets/mvtec/screw/train/good/238.png,0,,good,train,1,1,1,1,1,1,1,1,0,1,1,1,1,1,0,1,1,1,1,1,0,0,0,0,0,1,1,1,1,1,1,1,1,1,1,1,1,1,1,1,1,1,1,1,1,1,1,1,1,1,1,1
/home/sobhan_hosseini/datasets/mvtec/screw/train/good/239.png,0,,good,train,1,1,1,1,1,0,1,1,0,1,1,1,1,1,0,1,1,1,1,1,0,0,0,0,0,1,1,1,1,1,1,1,1,1,1,1,1,1,1,1,1,1,1,1,1,1,1,1,1,1,1,1
/home/sobhan_hosseini/datasets/mvtec/screw/train/good/240.png,0,,good,train,1,1,1,1,1,1,1,1,0,1,1,1,1,1,0,0,1,1,1,0,0,0,0,0,0,1,1,1,1,1,1,1,1,1,1,1,1,1,1,1,1,1,1,1,1,1,1,1,1,1,1,1
/home/sobhan_hosseini/datasets/mvtec/screw/train/good/241.png,0,,good,val,1,1,1,1,1,1,1,1,0,1,1,1,1,1,0,1,1,1,1,1,0,0,0,0,0,1,1,1,1,1,1,1,1,1,1,1,1,1,1,1,1,1,1,1,1,1,1,1,1,1,1,1
/home/sobhan_hosseini/datasets/mvtec/screw/train/good/242.png,0,,good,train,1,1,1,1,1,1,1,1,1,1,1,1,1,1,0,1,1,1,1,0,0,0,0,0,0,1,1,1,1,1,1,1,1,1,1,1,1,1,1,1,1,1,1,1,1,1,1,1,1,1,1,1
/home/sobhan_hosseini/datasets/mvtec/screw/train/good/243.png,0,,good,train,1,1,1,1,1,1,1,1,1,1,1,0,1,1,0,0,1,1,0,0,0,0,0,0,0,1,1,1,1,1,1,1,1,1,1,1,1,1,1,1,1,1,1,1,1,1,1,1,1,1,1,1
/home/sobhan_hosseini/datasets/mvtec/screw/train/good/244.png,0,,good,test,1,1,1,1,1,1,1,1,0,1,1,1,1,1,0,1,1,1,1,0,0,0,0,0,0,1,1,1,1,1,1,1,1,1,1,1,1,1,1,1,1,1,1,1,1,1,1,1,1,1,1,1
/home/sobhan_hosseini/datasets/mvtec/screw/train/good/245.png,0,,good,test,1,1,1,1,1,0,1,1,0,0,1,0,1,1,0,1,1,1,1,0,0,0,0,0,0,1,1,1,1,1,1,1,1,1,1,1,1,1,1,1,1,1,1,1,1,1,1,1,1,1,1,1
/home/sobhan_hosseini/datasets/mvtec/screw/train/good/246.png,0,,good,val,1,1,1,1,1,1,1,1,1,1,1,1,1,1,0,1,1,1,1,0,0,0,0,0,0,1,1,1,1,1,1,1,1,1,1,1,1,1,1,1,1,1,1,1,1,1,1,1,1,1,1,1
/home/sobhan_hosseini/datasets/mvtec/screw/train/good/247.png,0,,good,train,1,1,1,1,1,1,1,1,0,1,1,1,1,1,0,1,1,1,1,0,0,0,0,0,0,1,1,1,1,1,1,1,1,1,1,1,1,1,1,1,1,1,1,1,1,1,1,1,1,1,1,1
/home/sobhan_hosseini/datasets/mvtec/screw/train/good/248.png,0,,good,train,1,1,1,1,1,0,1,1,0,0,1,1,1,1,0,1,1,1,1,0,0,0,0,0,0,1,1,1,1,1,1,1,1,1,1,1,1,1,1,1,1,1,1,1,1,1,1,1,1,1,1,1
/home/sobhan_hosseini/datasets/mvtec/screw/train/good/249.png,0,,good,val,1,1,1,1,1,1,1,1,0,1,1,1,1,1,0,0,1,1,0,1,0,0,0,0,0,1,1,1,1,1,1,1,1,1,1,1,1,1,1,1,1,1,1,1,1,1,1,1,1,1,1,1
/home/sobhan_hosseini/datasets/mvtec/screw/train/good/250.png,0,,good,train,1,1,1,1,1,0,1,1,0,0,1,1,1,1,0,1,1,1,1,0,0,0,0,0,0,1,1,1,1,1,1,1,1,1,1,1,1,1,1,1,1,1,1,1,1,1,1,1,1,1,1,1
/home/sobhan_hosseini/datasets/mvtec/screw/train/good/251.png,0,,good,train,1,1,1,1,1,0,1,1,0,0,1,0,1,1,0,0,1,1,0,0,0,0,0,0,0,1,1,1,1,1,1,1,1,1,1,1,1,1,1,1,1,1,1,1,1,1,1,1,1,1,1,1
/home/sobhan_hosseini/datasets/mvtec/screw/train/good/252.png,0,,good,train,1,1,1,1,1,0,1,1,0,0,1,0,1,1,1,1,1,1,1,0,0,0,0,0,0,1,1,1,1,1,1,1,1,1,1,1,1,1,1,1,1,1,1,1,1,1,1,1,1,1,1,1
/home/sobhan_hosseini/datasets/mvtec/screw/train/good/253.png,0,,good,test,1,1,1,1,1,1,1,1,0,1,1,1,1,1,1,1,1,1,1,0,0,0,0,0,0,1,1,1,1,1,1,1,1,1,1,1,1,1,1,1,1,1,1,1,1,1,1,1,1,1,1,1
/home/sobhan_hosseini/datasets/mvtec/screw/train/good/254.png,0,,good,train,1,1,1,1,1,1,1,0,0,1,1,1,1,1,0,1,1,1,1,0,0,0,0,0,0,1,1,1,1,1,1,1,1,1,1,1,1,1,1,1,1,1,1,1,1,1,1,1,1,1,1,1
/home/sobhan_hosseini/datasets/mvtec/screw/train/good/255.png,0,,good,train,1,1,1,1,1,1,1,1,0,1,1,1,1,1,0,0,1,1,0,0,0,0,0,0,0,1,1,1,1,1,1,1,1,1,1,1,1,1,1,1,1,1,1,1,1,1,1,1,1,1,1,1
/home/sobhan_hosseini/datasets/mvtec/screw/train/good/256.png,0,,good,train,1,1,1,1,1,1,1,1,0,1,1,1,1,1,1,1,1,1,1,0,0,0,0,0,0,1,1,1,1,1,1,1,1,1,1,1,1,1,1,1,1,1,1,1,1,1,1,1,1,1,1,1
/home/sobhan_hosseini/datasets/mvtec/screw/train/good/257.png,0,,good,val,1,1,1,1,1,1,1,1,0,1,1,1,1,1,0,0,1,1,0,1,0,0,0,0,0,1,1,1,1,1,1,1,1,1,1,1,1,1,1,1,1,1,1,1,1,1,1,1,1,1,1,1
/home/sobhan_hosseini/datasets/mvtec/screw/train/good/258.png,0,,good,train,1,1,1,1,1,1,1,1,0,1,1,1,1,1,0,1,1,1,1,1,0,0,0,0,0,1,1,1,1,1,1,1,1,1,1,1,1,1,1,1,1,1,1,1,1,1,1,1,1,1,1,1
/home/sobhan_hosseini/datasets/mvtec/screw/train/good/259.png,0,,good,train,1,1,1,1,1,1,1,1,1,1,1,1,1,1,0,1,1,1,1,0,0,0,0,0,0,1,1,1,1,1,1,1,1,1,1,1,1,1,1,1,1,1,1,1,1,1,1,1,1,1,1,1
/home/sobhan_hosseini/datasets/mvtec/screw/train/good/260.png,0,,good,train,1,1,1,1,1,1,1,1,1,1,1,1,1,1,0,1,1,1,1,0,0,0,0,0,0,1,1,1,1,1,1,1,1,1,1,1,1,1,1,1,1,1,1,1,1,1,1,1,1,1,1,1
/home/sobhan_hosseini/datasets/mvtec/screw/train/good/261.png,0,,good,val,1,1,1,1,1,1,1,1,0,1,1,1,1,1,0,0,1,1,0,1,0,0,0,0,0,1,1,1,1,1,1,1,1,1,1,1,1,1,1,1,1,1,1,1,1,1,1,1,1,1,1,1
/home/sobhan_hosseini/datasets/mvtec/screw/train/good/262.png,0,,good,val,1,1,1,1,1,1,1,1,0,1,1,1,1,1,0,1,1,1,1,1,0,0,0,0,0,1,1,1,1,1,1,1,1,1,1,1,1,1,1,1,1,1,1,1,1,1,1,1,1,1,1,1
/home/sobhan_hosseini/datasets/mvtec/screw/train/good/263.png,0,,good,test,1,1,1,1,1,1,1,1,0,1,1,0,1,1,0,0,1,1,0,0,0,0,0,0,0,1,1,1,1,1,1,1,1,1,1,1,1,1,1,1,1,1,1,1,1,1,1,1,1,1,1,1
/home/sobhan_hosseini/datasets/mvtec/screw/train/good/264.png,0,,good,train,1,1,1,1,1,1,1,1,0,1,1,1,1,1,0,1,1,1,1,0,0,0,0,0,0,1,1,1,1,1,1,1,1,1,1,1,1,1,1,1,1,1,1,1,1,1,1,1,1,1,1,1
/home/sobhan_hosseini/datasets/mvtec/screw/train/good/265.png,0,,good,train,1,1,1,1,1,1,1,1,0,1,1,1,1,1,0,1,1,1,1,0,0,0,0,0,0,1,1,1,1,1,1,1,1,1,1,1,1,1,1,1,1,1,1,1,1,1,1,1,1,1,1,1
/home/sobhan_hosseini/datasets/mvtec/screw/train/good/266.png,0,,good,train,1,1,1,1,1,1,1,1,0,1,1,1,1,1,0,1,1,1,1,0,0,0,0,0,0,1,1,1,1,1,1,1,1,1,1,1,1,1,1,1,1,1,1,1,1,1,1,1,1,1,1,1
/home/sobhan_hosseini/datasets/mvtec/screw/train/good/267.png,0,,good,test,1,1,1,1,1,1,1,1,0,1,1,1,1,1,0,1,1,1,1,0,0,0,0,0,0,1,1,1,1,1,1,1,1,1,1,1,1,1,1,1,1,1,1,1,1,1,1,1,1,1,1,1
/home/sobhan_hosseini/datasets/mvtec/screw/train/good/268.png,0,,good,test,1,1,1,1,1,1,1,1,1,1,1,1,1,1,0,1,1,1,1,0,0,0,0,0,0,1,1,1,1,1,1,1,1,1,1,1,1,1,1,1,1,1,1,1,1,1,1,1,1,1,1,1
/home/sobhan_hosseini/datasets/mvtec/screw/train/good/269.png,0,,good,train,1,1,1,1,1,1,1,1,0,1,1,1,1,1,0,1,1,1,1,0,0,0,0,0,0,1,1,1,1,1,1,1,1,1,1,1,1,1,1,1,1,1,1,1,1,1,1,1,1,1,1,1
/home/sobhan_hosseini/datasets/mvtec/screw/train/good/270.png,0,,good,train,1,1,1,1,1,0,1,1,0,1,1,0,1,1,0,1,1,1,1,1,0,0,0,0,0,1,1,1,1,1,1,1,1,1,1,1,1,1,1,1,1,1,1,1,1,1,1,1,1,1,1,1
/home/sobhan_hosseini/datasets/mvtec/screw/train/good/271.png,0,,good,train,1,1,1,1,1,1,1,1,0,1,1,1,1,1,0,0,1,1,1,1,0,0,0,0,0,1,1,1,1,1,1,1,1,1,1,1,1,1,1,1,1,1,1,1,1,1,1,1,1,1,1,1
/home/sobhan_hosseini/datasets/mvtec/screw/train/good/272.png,0,,good,train,1,1,1,1,1,1,1,1,1,1,1,1,1,1,0,0,1,1,0,0,0,0,0,0,0,1,1,1,1,1,1,1,1,1,1,1,1,1,1,1,1,1,1,1,1,1,1,1,1,1,1,1
/home/sobhan_hosseini/datasets/mvtec/screw/train/good/273.png,0,,good,train,1,1,1,1,1,1,1,1,1,1,1,1,1,1,0,0,1,1,0,0,0,0,0,0,0,1,1,1,1,1,1,1,1,1,1,1,1,1,1,1,1,1,1,1,1,1,1,1,1,1,1,1
/home/sobhan_hosseini/datasets/mvtec/screw/train/good/274.png,0,,good,train,1,0,1,1,1,1,1,1,0,1,1,1,1,1,0,1,1,1,1,1,0,0,0,0,0,1,1,1,1,1,1,1,1,1,1,1,1,1,1,1,1,1,1,1,1,1,1,1,1,1,1,1
/home/sobhan_hosseini/datasets/mvtec/screw/train/good/275.png,0,,good,train,1,1,1,1,1,0,1,1,0,0,1,0,1,1,0,1,1,1,1,0,0,0,0,0,0,1,1,1,1,1,1,1,1,1,1,1,1,1,1,1,1,1,1,1,1,1,1,1,1,1,1,1
/home/sobhan_hosseini/datasets/mvtec/screw/train/good/276.png,0,,good,train,1,1,1,1,1,1,1,0,0,1,1,1,1,1,1,1,1,1,1,1,0,0,0,0,0,1,1,1,1,1,1,1,1,1,1,1,1,1,1,1,1,1,1,1,1,1,1,1,1,1,1,1
/home/sobhan_hosseini/datasets/mvtec/screw/train/good/277.png,0,,good,train,1,1,1,1,1,1,1,1,0,1,1,1,1,1,0,1,1,1,1,1,0,0,0,0,0,1,1,1,1,1,1,1,1,1,1,1,1,1,1,1,1,1,1,1,1,1,1,1,1,1,1,1
/home/sobhan_hosseini/datasets/mvtec/screw/train/good/278.png,0,,good,test,1,1,1,1,1,1,1,1,0,1,1,1,1,1,0,0,1,1,0,1,0,0,0,0,0,1,1,1,1,1,1,1,1,1,1,1,1,1,1,1,1,1,1,1,1,1,1,1,1,1,1,1
/home/sobhan_hosseini/datasets/mvtec/screw/train/good/279.png,0,,good,train,1,1,1,1,1,1,1,1,0,1,1,1,1,1,0,1,1,1,1,1,0,0,0,0,0,1,1,1,1,1,1,1,1,1,1,1,1,1,1,1,1,1,1,1,1,1,1,1,1,1,1,1
/home/sobhan_hosseini/datasets/mvtec/screw/train/good/280.png,0,,good,train,1,1,1,1,1,1,1,1,0,1,1,1,1,1,0,1,1,1,1,1,0,0,0,0,0,1,1,1,1,1,1,1,1,1,1,1,1,1,1,1,1,1,1,1,1,1,1,1,1,1,1,1
/home/sobhan_hosseini/datasets/mvtec/screw/train/good/281.png,0,,good,train,1,1,1,1,1,1,1,0,0,1,1,1,1,1,0,1,1,1,1,1,0,0,0,0,0,1,1,1,1,1,1,1,1,1,1,1,1,1,1,1,1,1,1,1,1,1,1,1,1,1,1,1
/home/sobhan_hosseini/datasets/mvtec/screw/train/good/282.png,0,,good,train,1,1,1,1,1,1,1,1,0,1,1,1,1,1,0,1,1,1,1,1,0,0,0,0,0,1,1,1,1,1,1,1,1,1,1,1,1,1,1,1,1,1,1,1,1,1,1,1,1,1,1,1
/home/sobhan_hosseini/datasets/mvtec/screw/train/good/283.png,0,,good,train,1,1,1,1,1,0,1,1,0,0,1,0,1,1,0,1,1,1,1,0,0,0,0,0,0,1,1,1,1,1,1,1,1,1,1,1,1,1,1,1,1,1,1,1,1,1,1,1,1,1,1,1
/home/sobhan_hosseini/datasets/mvtec/screw/train/good/284.png,0,,good,train,1,1,1,1,1,1,1,1,0,1,1,1,1,1,0,1,1,1,1,1,0,0,0,0,0,1,1,1,1,1,1,1,1,1,1,1,1,1,1,1,1,1,1,1,1,1,1,1,1,1,1,1
/home/sobhan_hosseini/datasets/mvtec/screw/train/good/285.png,0,,good,train,1,1,1,1,1,1,1,1,0,1,1,1,1,1,0,0,1,1,1,0,0,0,0,0,0,1,1,1,1,1,1,1,1,1,1,1,1,1,1,1,1,1,1,1,1,1,1,1,1,1,1,1
/home/sobhan_hosseini/datasets/mvtec/screw/train/good/286.png,0,,good,test,1,1,1,1,1,0,1,1,0,0,1,0,1,1,0,1,1,1,1,0,0,0,0,0,0,1,1,1,1,1,1,1,1,1,1,1,1,1,1,1,1,1,1,1,1,1,1,1,1,1,1,1
/home/sobhan_hosseini/datasets/mvtec/screw/train/good/287.png,0,,good,train,1,1,1,1,1,0,1,0,0,0,1,0,1,1,0,1,1,1,1,1,0,0,0,0,0,1,1,1,1,1,1,1,1,1,1,1,1,1,1,1,1,1,1,1,1,1,1,1,1,1,1,1
/home/sobhan_hosseini/datasets/mvtec/screw/train/good/288.png,0,,good,train,1,1,1,1,1,1,1,1,0,1,1,0,1,1,1,1,1,1,1,0,0,0,0,0,0,1,1,1,1,1,1,1,1,1,1,1,1,1,1,1,1,1,1,1,1,1,1,1,1,1,1,1
/home/sobhan_hosseini/datasets/mvtec/screw/train/good/289.png,0,,good,train,1,1,1,1,1,1,1,1,1,1,1,1,1,1,0,1,1,1,1,1,0,0,0,0,0,1,1,1,1,1,1,1,1,1,1,1,1,1,1,1,1,1,1,1,1,1,1,1,1,1,1,1
/home/sobhan_hosseini/datasets/mvtec/screw/train/good/290.png,0,,good,train,1,1,1,1,1,1,1,1,0,1,1,1,1,1,0,0,1,1,0,1,0,0,0,0,0,1,1,1,1,1,1,1,1,1,1,1,1,1,1,1,1,1,1,1,1,1,1,1,1,1,1,1
/home/sobhan_hosseini/datasets/mvtec/screw/train/good/291.png,0,,good,train,1,1,1,1,1,1,1,0,0,1,1,1,1,1,1,0,1,1,0,1,0,0,0,0,0,1,1,1,1,1,1,1,1,1,1,1,1,1,1,1,1,1,1,1,1,1,1,1,1,1,1,1
/home/sobhan_hosseini/datasets/mvtec/screw/train/good/292.png,0,,good,train,1,1,1,1,1,1,1,1,0,1,1,1,1,1,0,0,1,1,0,0,0,0,0,0,0,1,1,1,1,1,1,1,1,1,1,1,1,1,1,1,1,1,1,1,1,1,1,1,1,1,1,1
/home/sobhan_hosseini/datasets/mvtec/screw/train/good/293.png,0,,good,train,1,1,1,1,1,1,1,1,0,1,1,1,1,1,0,1,1,1,1,0,0,0,0,0,0,1,1,1,1,1,1,1,1,1,1,1,1,1,1,1,1,1,1,1,1,1,1,1,1,1,1,1
/home/sobhan_hosseini/datasets/mvtec/screw/train/good/294.png,0,,good,train,1,1,1,1,1,1,1,0,0,1,1,1,1,1,0,1,1,1,1,0,0,0,0,0,0,1,1,1,1,1,1,1,1,1,1,1,1,1,1,1,1,1,1,1,1,1,1,1,1,1,1,1
/home/sobhan_hosseini/datasets/mvtec/screw/train/good/295.png,0,,good,train,1,1,1,1,1,1,1,1,0,1,1,1,1,1,0,1,1,1,1,0,0,0,0,0,0,1,1,1,1,1,1,1,1,1,1,1,1,1,1,1,1,1,1,1,1,1,1,1,1,1,1,1
/home/sobhan_hosseini/datasets/mvtec/screw/train/good/296.png,0,,good,train,1,1,1,1,1,0,1,1,0,0,1,1,1,1,0,1,1,1,1,1,0,0,0,0,0,1,1,1,1,1,1,1,1,1,1,1,1,1,1,1,1,1,1,1,1,1,1,1,1,1,1,1
/home/sobhan_hosseini/datasets/mvtec/screw/train/good/297.png,0,,good,test,1,1,1,1,1,1,1,1,0,1,0,1,1,1,0,0,1,1,0,1,0,0,0,0,0,1,1,1,1,1,1,1,1,1,1,1,1,1,1,1,1,1,1,1,1,1,1,1,1,1,1,1
/home/sobhan_hosseini/datasets/mvtec/screw/train/good/298.png,0,,good,train,1,1,1,1,1,0,1,1,0,0,1,1,1,1,0,1,1,1,1,1,0,0,0,0,0,1,1,1,1,1,1,1,1,1,1,1,1,1,1,1,1,1,1,1,1,1,1,1,1,1,1,1
/home/sobhan_hosseini/datasets/mvtec/screw/train/good/299.png,0,,good,train,1,1,1,1,1,1,1,1,0,1,1,1,1,1,0,0,1,1,0,1,0,0,0,0,0,1,1,1,1,1,1,1,1,1,1,1,1,1,1,1,1,1,1,1,1,1,1,1,1,1,1,1
/home/sobhan_hosseini/datasets/mvtec/screw/train/good/300.png,0,,good,train,1,1,1,1,1,1,1,1,0,1,1,1,1,1,0,0,1,1,0,1,0,0,0,0,0,1,1,1,1,1,1,1,1,1,1,1,1,1,1,1,1,1,1,1,1,1,1,1,1,1,1,1
/home/sobhan_hosseini/datasets/mvtec/screw/train/good/301.png,0,,good,train,1,1,1,1,1,1,1,1,0,1,1,1,1,1,0,1,1,1,1,0,0,0,0,0,0,1,1,1,1,1,1,1,1,1,1,1,1,1,1,1,1,1,1,1,1,1,1,1,1,1,1,1
/home/sobhan_hosseini/datasets/mvtec/screw/train/good/302.png,0,,good,train,1,1,1,1,1,0,1,0,0,0,1,1,1,1,0,1,1,1,1,1,0,0,0,0,0,1,1,1,1,1,1,1,1,1,1,1,1,1,1,1,1,1,1,1,1,1,1,1,1,1,1,1
/home/sobhan_hosseini/datasets/mvtec/screw/train/good/303.png,0,,good,train,1,1,1,1,1,0,1,1,0,0,1,0,1,1,0,1,1,1,1,1,0,0,0,0,0,1,1,1,1,1,1,1,1,1,1,1,1,1,1,1,1,1,1,1,1,1,1,1,1,1,1,1
/home/sobhan_hosseini/datasets/mvtec/screw/train/good/304.png,0,,good,train,1,1,1,1,1,1,1,1,0,1,1,1,1,1,0,1,1,1,1,1,0,0,0,0,0,1,1,1,1,1,1,1,1,1,1,1,1,1,1,1,1,1,1,1,1,1,1,1,1,1,1,1
/home/sobhan_hosseini/datasets/mvtec/screw/train/good/305.png,0,,good,train,1,1,1,1,1,1,1,1,0,1,1,1,1,1,0,1,1,1,1,1,0,0,0,0,0,1,1,1,1,1,1,1,1,1,1,1,1,1,1,1,1,1,1,1,1,1,1,1,1,1,1,1
/home/sobhan_hosseini/datasets/mvtec/screw/train/good/306.png,0,,good,train,1,1,1,1,1,1,1,1,0,1,1,1,1,1,0,1,1,1,1,0,0,0,0,0,0,1,1,1,1,1,1,1,1,1,1,1,1,1,1,1,1,1,1,1,1,1,1,1,1,1,1,1
/home/sobhan_hosseini/datasets/mvtec/screw/train/good/307.png,0,,good,train,1,1,1,1,1,1,1,1,0,1,1,1,1,1,0,0,1,1,0,0,0,0,0,0,0,1,1,1,1,1,1,1,1,1,1,1,1,1,1,1,1,1,1,1,1,1,1,1,1,1,1,1
/home/sobhan_hosseini/datasets/mvtec/screw/train/good/308.png,0,,good,train,1,1,1,1,1,0,1,1,0,0,1,0,1,1,0,0,1,1,0,1,0,0,0,0,0,1,1,1,1,1,1,1,1,1,1,1,1,1,1,1,1,1,1,1,1,1,1,1,1,1,1,1
/home/sobhan_hosseini/datasets/mvtec/screw/train/good/309.png,0,,good,train,1,1,1,1,1,1,1,1,0,1,1,1,1,1,0,1,1,1,1,1,0,0,0,0,0,1,1,1,1,1,1,1,1,1,1,1,1,1,1,1,1,1,1,1,1,1,1,1,1,1,1,1
/home/sobhan_hosseini/datasets/mvtec/screw/train/good/310.png,0,,good,train,1,1,1,1,1,0,1,1,0,0,1,0,1,1,0,1,1,1,1,1,0,0,0,0,0,1,1,1,1,1,1,1,1,1,1,1,1,1,1,1,1,1,1,1,1,1,1,1,1,1,1,1
/home/sobhan_hosseini/datasets/mvtec/screw/train/good/311.png,0,,good,train,1,1,1,1,1,1,1,1,1,1,1,1,1,1,0,1,1,1,1,0,0,0,0,0,0,1,1,1,1,1,1,1,1,1,1,1,1,1,1,1,1,1,1,1,1,1,1,1,1,1,1,1
/home/sobhan_hosseini/datasets/mvtec/screw/train/good/312.png,0,,good,train,1,1,1,1,1,1,1,1,1,1,1,0,1,1,0,1,1,1,1,0,0,0,0,0,0,1,1,1,1,1,1,1,1,1,1,1,1,1,1,1,1,1,1,1,1,1,1,1,1,1,1,1
/home/sobhan_hosseini/datasets/mvtec/screw/train/good/313.png,0,,good,train,1,1,1,1,1,1,1,1,1,1,1,1,1,1,0,0,1,1,0,0,0,0,0,0,0,1,1,1,1,1,1,1,1,1,1,1,1,1,1,1,1,1,1,1,1,1,1,1,1,1,1,1
/home/sobhan_hosseini/datasets/mvtec/screw/train/good/314.png,0,,good,test,1,1,1,1,1,0,1,1,0,0,1,0,1,1,0,1,1,1,1,0,0,0,0,0,0,1,1,1,1,1,1,1,1,1,1,1,1,1,1,1,1,1,1,1,1,1,1,1,1,1,1,1
/home/sobhan_hosseini/datasets/mvtec/screw/train/good/315.png,0,,good,val,1,1,1,1,1,1,1,1,0,1,1,1,1,1,0,1,1,1,1,1,0,0,0,0,0,1,1,1,1,1,1,1,1,1,1,1,1,1,1,1,1,1,1,1,1,1,1,1,1,1,1,1
/home/sobhan_hosseini/datasets/mvtec/screw/train/good/316.png,0,,good,train,1,1,1,1,1,0,1,1,0,0,1,0,1,1,0,1,1,1,1,1,0,0,0,0,0,1,1,1,1,1,1,1,1,1,1,1,1,1,1,1,1,1,1,1,1,1,1,1,1,1,1,1
/home/sobhan_hosseini/datasets/mvtec/screw/train/good/317.png,0,,good,train,1,1,1,1,1,1,1,1,0,1,1,1,1,1,0,1,1,1,1,1,0,0,0,0,0,1,1,1,1,1,1,1,1,1,1,1,1,1,1,1,1,1,1,1,1,1,1,1,1,1,1,1
/home/sobhan_hosseini/datasets/mvtec/screw/train/good/318.png,0,,good,val,1,1,1,1,1,1,1,1,1,1,1,1,1,1,0,0,1,1,0,1,0,0,0,0,0,1,1,1,1,1,1,1,1,1,1,1,1,1,1,1,1,1,1,1,1,1,1,1,1,1,1,1
/home/sobhan_hosseini/datasets/mvtec/screw/train/good/319.png,0,,good,val,1,1,1,1,1,0,1,1,0,0,1,0,1,1,0,1,1,1,1,0,0,0,0,0,0,1,1,1,1,1,1,1,1,1,1,1,1,1,1,1,1,1,1,1,1,1,1,1,1,1,1,1
/home/sobhan_hosseini/datasets/mvtec/screw/test/manipulated_front/000.png,1,/home/sobhan_hosseini/datasets/mvtec/screw/ground_truth/manipulated_front/000_mask.png,manipulated_front,train,1,1,1,1,1,0,1,1,0,0,1,0,1,1,0,1,1,1,1,0,1,0,1,1,1,0,0,0,0,0,0,0,0,0,0,0,0,0,0,0,0,0,0,0,0,0,0,0,0,0,0,0
/home/sobhan_hosseini/datasets/mvtec/screw/test/manipulated_front/001.png,1,/home/sobhan_hosseini/datasets/mvtec/screw/ground_truth/manipulated_front/001_mask.png,manipulated_front,train,1,1,0,1,0,0,0,1,1,0,1,0,1,1,0,1,0,0,1,0,1,0,0,1,1,0,0,0,0,0,0,0,0,0,0,0,0,0,0,0,0,0,0,0,0,0,0,0,0,0,0,0
/home/sobhan_hosseini/datasets/mvtec/screw/test/manipulated_front/002.png,1,/home/sobhan_hosseini/datasets/mvtec/screw/ground_truth/manipulated_front/002_mask.png,manipulated_front,train,1,1,1,1,1,0,1,1,1,0,1,0,1,1,1,1,1,0,1,1,1,0,1,1,1,0,0,0,0,0,0,0,0,0,0,0,0,0,0,0,0,0,0,0,0,0,0,0,0,0,0,0
/home/sobhan_hosseini/datasets/mvtec/screw/test/manipulated_front/003.png,1,/home/sobhan_hosseini/datasets/mvtec/screw/ground_truth/manipulated_front/003_mask.png,manipulated_front,train,1,0,1,1,1,0,1,1,1,0,1,0,1,1,0,1,1,0,1,1,1,1,0,1,1,0,0,0,0,0,0,0,0,0,0,0,0,0,0,0,0,0,0,0,0,0,0,0,0,0,0,0
/home/sobhan_hosseini/datasets/mvtec/screw/test/manipulated_front/004.png,1,/home/sobhan_hosseini/datasets/mvtec/screw/ground_truth/manipulated_front/004_mask.png,manipulated_front,train,1,1,1,1,0,0,0,1,1,0,1,0,1,1,1,1,0,0,1,1,1,0,1,1,0,0,1,0,0,0,0,0,0,0,0,0,0,0,0,0,0,0,0,0,0,0,0,0,0,0,0,0
/home/sobhan_hosseini/datasets/mvtec/screw/test/manipulated_front/005.png,1,/home/sobhan_hosseini/datasets/mvtec/screw/ground_truth/manipulated_front/005_mask.png,manipulated_front,train,1,1,1,1,1,1,1,1,1,1,1,1,1,1,1,1,1,1,1,1,0,0,0,0,0,0,0,0,0,0,0,0,0,0,0,0,0,0,0,0,0,0,0,0,0,0,0,0,0,0,0,0
/home/sobhan_hosseini/datasets/mvtec/screw/test/manipulated_front/006.png,1,/home/sobhan_hosseini/datasets/mvtec/screw/ground_truth/manipulated_front/006_mask.png,manipulated_front,train,1,0,1,1,1,0,0,1,0,0,1,0,0,1,0,1,0,0,1,1,1,0,0,1,1,1,0,0,0,0,0,0,0,0,0,0,0,0,0,0,0,0,0,0,0,0,0,0,0,0,0,0
/home/sobhan_hosseini/datasets/mvtec/screw/test/manipulated_front/007.png,1,/home/sobhan_hosseini/datasets/mvtec/screw/ground_truth/manipulated_front/007_mask.png,manipulated_front,train,1,1,1,1,0,0,0,1,1,0,1,1,1,1,0,1,0,0,1,0,1,0,1,1,1,0,0,0,0,0,0,0,0,0,0,0,0,0,0,0,0,0,0,0,0,0,0,0,0,0,0,0
/home/sobhan_hosseini/datasets/mvtec/screw/test/manipulated_front/008.png,1,/home/sobhan_hosseini/datasets/mvtec/screw/ground_truth/manipulated_front/008_mask.png,manipulated_front,train,1,1,1,1,1,1,0,1,1,1,1,1,1,1,1,1,0,0,1,0,0,0,1,0,0,0,0,0,0,0,0,0,0,0,0,0,0,0,0,0,0,0,0,0,0,0,0,0,0,0,0,0
/home/sobhan_hosseini/datasets/mvtec/screw/test/manipulated_front/009.png,1,/home/sobhan_hosseini/datasets/mvtec/screw/ground_truth/manipulated_front/009_mask.png,manipulated_front,train,1,1,1,1,1,0,1,1,1,0,1,0,1,1,0,1,1,1,1,1,1,0,0,1,1,0,0,0,0,0,0,0,0,0,0,0,0,0,0,0,0,0,0,0,0,0,0,0,0,0,0,0
/home/sobhan_hosseini/datasets/mvtec/screw/test/manipulated_front/010.png,1,/home/sobhan_hosseini/datasets/mvtec/screw/ground_truth/manipulated_front/010_mask.png,manipulated_front,test,1,1,1,1,1,1,1,1,1,1,1,1,1,1,1,1,1,1,1,1,0,0,1,0,0,0,0,0,0,0,0,0,0,0,0,0,0,0,0,0,0,0,0,0,0,0,0,0,0,0,0,0
/home/sobhan_hosseini/datasets/mvtec/screw/test/manipulated_front/011.png,1,/home/sobhan_hosseini/datasets/mvtec/screw/ground_truth/manipulated_front/011_mask.png,manipulated_front,train,1,1,1,1,1,1,1,1,0,1,1,1,1,1,1,1,1,1,1,0,1,0,0,1,1,0,0,0,0,0,0,0,0,0,0,0,0,0,0,0,0,0,0,0,0,0,0,0,0,0,0,0
/home/sobhan_hosseini/datasets/mvtec/screw/test/manipulated_front/012.png,1,/home/sobhan_hosseini/datasets/mvtec/screw/ground_truth/manipulated_front/012_mask.png,manipulated_front,train,1,1,1,1,1,0,1,1,1,0,1,1,1,1,0,1,1,1,1,1,1,1,0,1,1,0,0,0,0,0,0,0,0,0,0,0,0,0,0,0,0,0,0,0,0,0,0,0,0,0,0,0
/home/sobhan_hosseini/datasets/mvtec/screw/test/manipulated_front/013.png,1,/home/sobhan_hosseini/datasets/mvtec/screw/ground_truth/manipulated_front/013_mask.png,manipulated_front,val,0,0,0,1,0,0,1,0,0,0,1,0,1,1,0,1,1,0,0,1,1,0,0,1,0,0,0,0,0,0,0,0,0,0,0,0,0,0,0,0,0,0,0,0,0,0,0,0,0,0,0,0
/home/sobhan_hosseini/datasets/mvtec/screw/test/manipulated_front/014.png,1,/home/sobhan_hosseini/datasets/mvtec/screw/ground_truth/manipulated_front/014_mask.png,manipulated_front,train,0,0,0,1,0,0,1,1,0,0,1,0,1,0,0,1,1,0,1,1,1,0,0,1,1,0,0,0,0,0,0,0,0,0,0,0,0,0,0,0,0,0,0,0,0,0,0,0,0,0,0,0
/home/sobhan_hosseini/datasets/mvtec/screw/test/manipulated_front/015.png,1,/home/sobhan_hosseini/datasets/mvtec/screw/ground_truth/manipulated_front/015_mask.png,manipulated_front,train,1,1,1,1,1,1,1,1,0,1,1,1,1,1,1,1,1,1,1,0,0,0,1,0,1,0,0,0,0,0,0,0,0,0,0,0,0,0,0,0,0,0,0,0,0,0,0,0,0,0,0,0
/home/sobhan_hosseini/datasets/mvtec/screw/test/manipulated_front/016.png,1,/home/sobhan_hosseini/datasets/mvtec/screw/ground_truth/manipulated_front/016_mask.png,manipulated_front,train,1,0,1,1,1,0,1,0,1,0,1,0,1,1,1,1,1,0,1,1,1,1,0,1,1,0,0,0,0,0,0,0,0,0,0,0,0,0,0,0,0,0,0,0,0,0,0,0,0,0,0,0
/home/sobhan_hosseini/datasets/mvtec/screw/test/manipulated_front/017.png,1,/home/sobhan_hosseini/datasets/mvtec/screw/ground_truth/manipulated_front/017_mask.png,manipulated_front,train,1,1,1,1,1,1,1,1,1,1,1,1,1,1,1,1,1,1,1,0,0,0,0,0,0,0,0,0,0,0,0,0,0,0,0,0,0,0,0,0,0,0,0,0,0,0,0,0,0,0,0,0
/home/sobhan_hosseini/datasets/mvtec/screw/test/manipulated_front/018.png,1,/home/sobhan_hosseini/datasets/mvtec/screw/ground_truth/manipulated_front/018_mask.png,manipulated_front,train,1,0,0,1,0,0,0,1,1,0,1,0,1,1,0,1,1,0,1,1,1,0,0,1,1,0,0,0,0,0,0,0,0,0,0,0,0,0,0,0,0,0,0,0,0,0,0,0,0,0,0,0
/home/sobhan_hosseini/datasets/mvtec/screw/test/manipulated_front/019.png,1,/home/sobhan_hosseini/datasets/mvtec/screw/ground_truth/manipulated_front/019_mask.png,manipulated_front,test,0,0,1,1,1,0,1,0,1,0,1,0,1,1,0,1,1,1,0,1,1,1,0,1,1,0,0,0,0,0,0,0,0,0,0,0,0,0,0,0,0,0,0,0,0,0,0,0,0,0,0,0
/home/sobhan_hosseini/datasets/mvtec/screw/test/manipulated_front/020.png,1,/home/sobhan_hosseini/datasets/mvtec/screw/ground_truth/manipulated_front/020_mask.png,manipulated_front,test,1,1,1,1,1,1,1,1,0,1,1,1,1,1,1,1,1,1,1,1,1,0,0,1,0,0,0,0,0,0,0,0,0,0,0,0,0,0,0,0,0,0,0,0,0,0,0,0,0,0,0,0
/home/sobhan_hosseini/datasets/mvtec/screw/test/manipulated_front/021.png,1,/home/sobhan_hosseini/datasets/mvtec/screw/ground_truth/manipulated_front/021_mask.png,manipulated_front,val,0,0,0,0,0,0,0,0,0,0,0,0,0,0,0,0,0,0,0,0,0,0,0,0,0,0,0,0,0,0,0,0,0,0,0,0,0,0,0,0,0,0,0,0,0,0,0,0,0,0,0,0
/home/sobhan_hosseini/datasets/mvtec/screw/test/manipulated_front/022.png,1,/home/sobhan_hosseini/datasets/mvtec/screw/ground_truth/manipulated_front/022_mask.png,manipulated_front,train,1,1,1,1,1,1,1,1,1,1,1,1,1,1,1,1,1,1,1,1,0,0,0,0,0,0,0,0,0,0,0,0,0,0,0,0,0,0,0,0,0,0,0,0,0,0,0,0,0,0,0,0
/home/sobhan_hosseini/datasets/mvtec/screw/test/manipulated_front/023.png,1,/home/sobhan_hosseini/datasets/mvtec/screw/ground_truth/manipulated_front/023_mask.png,manipulated_front,train,1,1,1,1,0,0,0,1,0,0,1,1,1,1,0,1,0,0,1,1,1,1,0,1,1,0,0,0,0,0,0,0,0,0,0,0,0,0,0,0,0,0,0,0,0,0,0,0,0,0,0,0
