image_path,label_index,mask_path,anomaly_type,split,semi_matte_sheen,intact_shell_structure,reddish_brown_hue,subtle_radial_striations,uniform_reddish_brown_hue,defined_seam_line,solid_outer_casing,rounded_ovoid_profile,surface_irregularity,color_deviation,structural_discontinuity,texture_inconsistency,unexpected_surface_pattern,linear_shell_fracture,exposed_inner_material,radial_shell_split,visible_linear_crack,jagged_break_edges,rough_fracture_edges,radial_incision_mark,jagged_opening_edge,surface_abrasion_mark,perforation_at_apex,perforation_hole,structural_breach_hole,damaged_shell_edge,apical_breach,perforated_shell_body,structural_material_loss,seam_failure_point,jagged_edge_break,localized_material_loss,white_pigment_deposit,chalky_surface_deposit,apex_pigment_deposit,seam_obfuscation
/home/sobhan_hosseini/datasets/mvtec/hazelnut/train/good/000.png,0,,good,train,1,1,1,1,1,1,1,1,1,1,0,1,0,1,1,1,1,1,1,1,1,1,1,1,1,1,1,1,1,1,1,1,1,1,1,1
/home/sobhan_hosseini/datasets/mvtec/hazelnut/train/good/001.png,0,,good,train,1,1,1,1,1,1,1,1,1,0,0,0,0,1,1,1,1,1,1,1,1,1,1,1,1,1,1,1,1,1,1,1,1,1,1,1
/home/sobhan_hosseini/datasets/mvtec/hazelnut/train/good/002.png,0,,good,train,1,1,1,1,1,1,1,1,1,0,0,1,0,1,1,1,1,1,1,1,1,1,1,1,1,1,1,1,1,1,1,1,1,1,1,1
/home/sobhan_hosseini/datasets/mvtec/hazelnut/train/good/003.png,0,,good,train,1,1,1,1,1,0,1,1,0,0,0,0,0,1,1,1,1,1,1,1,1,1,1,1,1,1,1,1,1,1,1,1,1,1,1,1
/home/sobhan_hosseini/datasets/mvtec/hazelnut/train/good/004.png,0,,good,val,1,1,1,1,0,1,1,1,1,1,1,1,1,1,1,1,1,1,1,1,1,1,1,1,1,1,1,1,1,1,1,1,1,1,1,1
/home/sobhan_hosseini/datasets/mvtec/hazelnut/train/good/005.png,0,,good,train,1,1,1,1,0,1,1,1,0,1,0,1,0,1,1,1,1,1,1,1,1,1,1,1,1,1,1,1,1,1,1,1,1,1,1,1
/home/sobhan_hosseini/datasets/mvtec/hazelnut/train/good/006.png,0,,good,val,1,1,1,1,0,1,1,1,1,1,0,1,1,1,1,1,1,1,1,1,1,1,1,1,1,1,1,1,1,1,1,1,1,1,1,1
/home/sobhan_hosseini/datasets/mvtec/hazelnut/train/good/007.png,0,,good,test,1,1,1,1,0,0,1,1,1,1,1,1,0,1,1,1,1,1,1,1,1,1,1,1,1,1,1,1,1,1,1,1,1,1,1,1
/home/sobhan_hosseini/datasets/mvtec/hazelnut/train/good/008.png,0,,good,train,1,1,1,1,1,0,1,1,1,1,0,1,0,1,1,1,1,1,1,1,1,1,1,1,1,1,1,1,1,1,1,1,1,1,1,1
/home/sobhan_hosseini/datasets/mvtec/hazelnut/train/good/009.png,0,,good,train,1,1,1,1,0,1,1,1,1,1,0,1,0,1,1,1,1,1,1,1,1,1,1,1,1,1,1,1,1,1,1,1,1,1,1,1
/home/sobhan_hosseini/datasets/mvtec/hazelnut/train/good/010.png,0,,good,train,1,1,1,1,1,1,1,1,1,0,0,0,0,1,1,1,1,1,1,1,1,1,1,1,1,1,1,1,1,1,1,1,1,1,1,1
/home/sobhan_hosseini/datasets/mvtec/hazelnut/train/good/011.png,0,,good,val,1,1,1,1,0,0,1,1,0,0,0,0,0,1,1,1,1,1,1,1,1,1,1,1,1,1,1,1,1,1,1,1,1,1,1,1
/home/sobhan_hosseini/datasets/mvtec/hazelnut/train/good/012.png,0,,good,train,1,1,1,1,1,1,1,1,0,0,0,0,0,1,1,1,1,1,1,1,1,1,1,1,1,1,1,1,1,1,1,1,1,1,1,1
/home/sobhan_hosseini/datasets/mvtec/hazelnut/train/good/013.png,0,,good,train,1,1,1,1,1,1,1,1,0,0,0,0,0,1,1,1,1,1,1,1,1,1,1,1,1,1,1,1,1,1,1,1,1,1,1,1
/home/sobhan_hosseini/datasets/mvtec/hazelnut/train/good/014.png,0,,good,train,1,1,1,1,0,1,1,1,1,1,0,1,0,1,1,1,1,1,1,1,1,1,1,1,1,1,1,1,1,1,1,1,1,1,1,1
/home/sobhan_hosseini/datasets/mvtec/hazelnut/train/good/015.png,0,,good,train,1,1,1,1,1,1,1,1,0,0,0,0,0,1,1,1,1,1,1,1,1,1,1,1,1,1,1,1,1,1,1,1,1,1,1,1
/home/sobhan_hosseini/datasets/mvtec/hazelnut/train/good/016.png,0,,good,train,1,1,1,1,0,1,1,1,0,0,0,0,0,1,1,1,1,1,1,1,1,1,1,1,1,1,1,1,1,1,1,1,1,1,1,1
/home/sobhan_hosseini/datasets/mvtec/hazelnut/train/good/017.png,0,,good,train,1,1,1,1,0,1,1,1,1,1,1,1,0,1,1,1,1,1,1,1,1,1,1,1,1,1,1,1,1,1,1,1,1,1,1,1
/home/sobhan_hosseini/datasets/mvtec/hazelnut/train/good/018.png,0,,good,train,1,1,1,1,1,1,1,1,0,0,0,0,0,1,1,1,1,1,1,1,1,1,1,1,1,1,1,1,1,1,1,1,1,1,1,1
/home/sobhan_hosseini/datasets/mvtec/hazelnut/train/good/019.png,0,,good,train,1,1,1,1,0,1,1,1,0,1,0,1,0,1,1,1,1,1,1,1,1,1,1,1,1,1,1,1,1,1,1,1,1,1,1,1
/home/sobhan_hosseini/datasets/mvtec/hazelnut/train/good/020.png,0,,good,train,1,1,1,1,0,0,1,1,1,1,1,1,1,1,1,1,1,1,1,1,1,1,1,1,1,1,1,1,1,1,1,1,1,1,1,1
/home/sobhan_hosseini/datasets/mvtec/hazelnut/train/good/021.png,0,,good,test,1,1,1,1,0,1,1,1,0,0,0,0,0,1,1,1,1,1,1,1,1,1,1,1,1,1,1,1,1,1,1,1,1,1,1,1
/home/sobhan_hosseini/datasets/mvtec/hazelnut/train/good/022.png,0,,good,train,1,1,1,1,0,1,1,1,1,1,0,1,0,1,1,1,1,1,1,1,1,1,1,1,1,1,1,1,1,1,1,1,1,1,1,1
/home/sobhan_hosseini/datasets/mvtec/hazelnut/train/good/023.png,0,,good,train,1,1,1,1,0,1,1,1,1,1,1,1,0,1,1,1,1,1,1,1,1,1,1,1,1,1,1,1,1,1,1,1,1,1,1,1
/home/sobhan_hosseini/datasets/mvtec/hazelnut/train/good/024.png,0,,good,train,1,1,1,1,0,1,1,1,1,1,0,1,0,1,1,1,1,1,1,1,1,1,1,1,1,1,1,1,1,1,1,1,1,1,1,1
/home/sobhan_hosseini/datasets/mvtec/hazelnut/train/good/025.png,0,,good,train,1,1,1,1,1,1,1,1,0,0,0,0,0,1,1,1,1,1,1,1,1,1,1,1,1,1,1,1,1,1,1,1,1,1,1,1
/home/sobhan_hosseini/datasets/mvtec/hazelnut/train/good/026.png,0,,good,val,1,1,1,1,1,0,1,1,0,0,0,0,0,1,1,1,1,1,1,1,1,1,1,1,1,1,1,1,1,1,1,1,1,1,1,1
/home/sobhan_hosseini/datasets/mvtec/hazelnut/train/good/027.png,0,,good,train,1,1,1,1,1,1,1,1,0,0,0,0,0,1,1,1,1,1,1,1,1,1,1,1,1,1,1,1,1,1,1,1,1,1,1,1
/home/sobhan_hosseini/datasets/mvtec/hazelnut/train/good/028.png,0,,good,train,1,1,1,1,0,1,1,1,1,1,0,1,0,1,1,1,1,1,1,1,1,1,1,1,1,1,1,1,1,1,1,1,1,1,1,1
/home/sobhan_hosseini/datasets/mvtec/hazelnut/train/good/029.png,0,,good,train,1,1,1,1,0,1,1,1,1,1,1,1,1,1,1,1,1,1,1,1,1,1,1,1,1,1,1,1,1,1,1,1,1,1,1,1
/home/sobhan_hosseini/datasets/mvtec/hazelnut/train/good/030.png,0,,good,train,1,1,1,1,0,1,1,1,1,1,0,1,1,1,1,1,1,1,1,1,1,1,1,1,1,1,1,1,1,1,1,1,1,1,1,1
/home/sobhan_hosseini/datasets/mvtec/hazelnut/train/good/031.png,0,,good,train,1,1,1,1,0,1,1,1,0,0,0,0,0,1,1,1,1,1,1,1,1,1,1,1,1,1,1,1,1,1,1,1,1,1,1,1
/home/sobhan_hosseini/datasets/mvtec/hazelnut/train/good/032.png,0,,good,train,1,1,1,1,1,1,1,1,0,0,0,0,0,1,1,1,1,1,1,1,1,1,1,1,1,1,1,1,1,1,1,1,1,1,1,1
/home/sobhan_hosseini/datasets/mvtec/hazelnut/train/good/033.png,0,,good,train,1,1,1,1,0,1,1,1,1,0,0,0,0,1,1,1,1,1,1,1,1,1,1,1,1,1,1,1,1,1,1,1,1,1,1,1
/home/sobhan_hosseini/datasets/mvtec/hazelnut/train/good/034.png,0,,good,train,1,1,1,1,0,1,1,1,0,0,0,0,0,1,1,1,1,1,1,1,1,1,1,1,1,1,1,1,1,1,1,1,1,1,1,1
/home/sobhan_hosseini/datasets/mvtec/hazelnut/train/good/035.png,0,,good,train,1,1,1,1,1,1,1,1,0,0,0,0,0,1,1,1,1,1,1,1,1,1,1,1,1,1,1,1,1,1,1,1,1,1,1,1
/home/sobhan_hosseini/datasets/mvtec/hazelnut/train/good/036.png,0,,good,train,1,1,1,1,1,1,1,1,1,1,0,0,0,1,1,1,1,1,1,1,1,1,1,1,1,1,1,1,1,1,1,1,1,1,1,1
/home/sobhan_hosseini/datasets/mvtec/hazelnut/train/good/037.png,0,,good,val,1,1,1,1,0,1,1,1,0,0,0,0,0,1,1,1,1,1,1,1,1,1,1,1,1,1,1,1,1,1,1,1,1,1,1,1
/home/sobhan_hosseini/datasets/mvtec/hazelnut/train/good/038.png,0,,good,train,1,1,1,1,1,1,1,1,0,0,0,0,0,1,1,1,1,1,1,1,1,1,1,1,1,1,1,1,1,1,1,1,1,1,1,1
/home/sobhan_hosseini/datasets/mvtec/hazelnut/train/good/039.png,0,,good,train,1,1,1,1,0,0,1,1,1,1,0,1,1,1,1,1,1,1,1,1,1,1,1,1,1,1,1,1,1,1,1,1,1,1,1,1
/home/sobhan_hosseini/datasets/mvtec/hazelnut/train/good/040.png,0,,good,train,1,1,1,1,1,1,1,1,1,0,0,0,0,1,1,1,1,1,1,1,1,1,1,1,1,1,1,1,1,1,1,1,1,1,1,1
/home/sobhan_hosseini/datasets/mvtec/hazelnut/train/good/041.png,0,,good,test,1,0,1,1,0,0,1,1,1,1,1,1,0,1,1,1,1,1,1,1,1,1,1,1,1,1,1,1,1,1,1,1,1,1,1,1
/home/sobhan_hosseini/datasets/mvtec/hazelnut/train/good/042.png,0,,good,train,1,1,1,1,0,1,1,1,0,1,0,1,0,1,1,1,1,1,1,1,1,1,1,1,1,1,1,1,1,1,1,1,1,1,1,1
/home/sobhan_hosseini/datasets/mvtec/hazelnut/train/good/043.png,0,,good,train,1,1,1,1,0,1,1,1,1,1,0,1,0,1,1,1,1,1,1,1,1,1,1,1,1,1,1,1,1,1,1,1,1,1,1,1
/home/sobhan_hosseini/datasets/mvtec/hazelnut/train/good/044.png,0,,good,train,1,1,1,1,0,1,1,1,0,1,1,1,0,1,1,1,1,1,1,1,1,1,1,1,1,1,1,1,1,1,1,1,1,1,1,1
/home/sobhan_hosseini/datasets/mvtec/hazelnut/train/good/045.png,0,,good,test,1,1,1,1,1,1,1,1,0,0,0,0,0,1,1,1,1,1,1,1,1,1,1,1,1,1,1,1,1,1,1,1,1,1,1,1
/home/sobhan_hosseini/datasets/mvtec/hazelnut/train/good/046.png,0,,good,train,1,1,1,1,0,1,1,1,1,1,1,1,0,1,1,1,1,1,1,1,1,1,1,1,1,1,1,1,1,1,1,1,1,1,1,1
/home/sobhan_hosseini/datasets/mvtec/hazelnut/train/good/047.png,0,,good,train,1,1,1,1,1,1,1,1,0,0,0,0,0,1,1,1,1,1,1,1,1,1,1,1,1,1,1,1,1,1,1,1,1,1,1,1
/home/sobhan_hosseini/datasets/mvtec/hazelnut/train/good/048.png,0,,good,train,1,1,1,1,1,1,1,1,0,0,0,1,0,1,1,1,1,1,1,1,1,1,1,1,1,1,1,1,1,1,1,1,1,1,1,1
/home/sobhan_hosseini/datasets/mvtec/hazelnut/train/good/049.png,0,,good,train,1,1,1,1,0,1,1,1,1,1,1,1,0,1,1,1,1,1,1,1,1,1,1,1,1,1,1,1,1,1,1,1,1,1,1,1
/home/sobhan_hosseini/datasets/mvtec/hazelnut/train/good/050.png,0,,good,val,1,1,1,1,0,1,1,1,1,1,0,1,0,1,1,1,1,1,1,1,1,1,1,1,1,1,1,1,1,1,1,1,1,1,1,1
/home/sobhan_hosseini/datasets/mvtec/hazelnut/train/good/051.png,0,,good,train,1,1,1,1,0,0,1,1,1,1,0,1,1,1,1,1,1,1,1,1,1,1,1,1,1,1,1,1,1,1,1,1,1,1,1,1
/home/sobhan_hosseini/datasets/mvtec/hazelnut/train/good/052.png,0,,good,train,1,0,1,1,0,1,1,1,1,1,1,1,1,1,1,1,1,1,1,1,1,1,1,1,1,1,1,1,1,1,1,1,1,1,1,1
/home/sobhan_hosseini/datasets/mvtec/hazelnut/train/good/053.png,0,,good,test,1,1,1,1,0,1,1,1,1,1,0,1,1,1,1,1,1,1,1,1,1,1,1,1,1,1,1,1,1,1,1,1,1,1,1,1
/home/sobhan_hosseini/datasets/mvtec/hazelnut/train/good/054.png,0,,good,train,1,1,1,1,0,0,1,1,1,1,0,1,1,1,1,1,1,1,1,1,1,1,1,1,1,1,1,1,1,1,1,1,1,1,1,1
/home/sobhan_hosseini/datasets/mvtec/hazelnut/train/good/055.png,0,,good,train,1,1,1,1,1,1,1,1,0,0,0,0,0,1,1,1,1,1,1,1,1,1,1,1,1,1,1,1,1,1,1,1,1,1,1,1
/home/sobhan_hosseini/datasets/mvtec/hazelnut/train/good/056.png,0,,good,train,1,1,1,1,1,1,1,1,0,0,0,0,0,1,1,1,1,1,1,1,1,1,1,1,1,1,1,1,1,1,1,1,1,1,1,1
/home/sobhan_hosseini/datasets/mvtec/hazelnut/train/good/057.png,0,,good,train,1,0,1,1,0,1,1,1,1,1,1,1,1,1,1,1,1,1,1,1,1,1,1,1,1,1,1,1,1,1,1,1,1,1,1,1
/home/sobhan_hosseini/datasets/mvtec/hazelnut/train/good/058.png,0,,good,train,1,1,1,1,0,1,1,1,1,1,1,1,0,1,1,1,1,1,1,1,1,1,1,1,1,1,1,1,1,1,1,1,1,1,1,1
/home/sobhan_hosseini/datasets/mvtec/hazelnut/train/good/059.png,0,,good,test,1,1,1,1,1,1,1,1,0,0,0,0,0,1,1,1,1,1,1,1,1,1,1,1,1,1,1,1,1,1,1,1,1,1,1,1
/home/sobhan_hosseini/datasets/mvtec/hazelnut/train/good/060.png,0,,good,train,1,1,1,1,0,0,1,1,0,0,0,0,0,1,1,1,1,1,1,1,1,1,1,1,1,1,1,1,1,1,1,1,1,1,1,1
/home/sobhan_hosseini/datasets/mvtec/hazelnut/train/good/061.png,0,,good,train,1,1,1,1,0,1,1,1,0,1,0,1,0,1,1,1,1,1,1,1,1,1,1,1,1,1,1,1,1,1,1,1,1,1,1,1
/home/sobhan_hosseini/datasets/mvtec/hazelnut/train/good/062.png,0,,good,train,1,1,1,1,1,1,1,1,0,0,0,0,0,1,1,1,1,1,1,1,1,1,1,1,1,1,1,1,1,1,1,1,1,1,1,1
/home/sobhan_hosseini/datasets/mvtec/hazelnut/train/good/063.png,0,,good,train,1,1,1,1,0,1,1,1,1,1,1,1,1,1,1,1,1,1,1,1,1,1,1,1,1,1,1,1,1,1,1,1,1,1,1,1
/home/sobhan_hosseini/datasets/mvtec/hazelnut/train/good/064.png,0,,good,train,1,1,1,1,1,1,1,1,0,0,0,1,0,1,1,1,1,1,1,1,1,1,1,1,1,1,1,1,1,1,1,1,1,1,1,1
/home/sobhan_hosseini/datasets/mvtec/hazelnut/train/good/065.png,0,,good,train,1,1,1,0,0,1,1,1,1,1,0,1,0,1,1,1,1,1,1,1,1,1,1,1,1,1,1,1,1,1,1,1,1,1,1,1
/home/sobhan_hosseini/datasets/mvtec/hazelnut/train/good/066.png,0,,good,train,1,1,1,1,0,1,1,1,0,0,0,0,0,1,1,1,1,1,1,1,1,1,1,1,1,1,1,1,1,1,1,1,1,1,1,1
/home/sobhan_hosseini/datasets/mvtec/hazelnut/train/good/067.png,0,,good,train,1,1,1,1,0,1,1,1,0,1,0,1,1,1,1,1,1,1,1,1,1,1,1,1,1,1,1,1,1,1,1,1,1,1,1,1
/home/sobhan_hosseini/datasets/mvtec/hazelnut/train/good/068.png,0,,good,test,1,1,1,1,0,1,1,1,1,1,0,1,1,1,1,1,1,1,1,1,1,1,1,1,1,1,1,1,1,1,1,1,1,1,1,1
/home/sobhan_hosseini/datasets/mvtec/hazelnut/train/good/069.png,0,,good,train,1,1,1,1,0,1,1,1,0,1,0,0,0,1,1,1,1,1,1,1,1,1,1,1,1,1,1,1,1,1,1,1,1,1,1,1
/home/sobhan_hosseini/datasets/mvtec/hazelnut/train/good/070.png,0,,good,train,1,1,1,1,0,1,1,1,1,1,0,0,0,1,1,1,1,1,1,1,1,1,1,1,1,1,1,1,1,1,1,1,1,1,1,1
/home/sobhan_hosseini/datasets/mvtec/hazelnut/train/good/071.png,0,,good,train,1,1,1,1,0,1,1,1,1,1,0,1,1,1,1,1,1,1,1,1,1,1,1,1,1,1,1,1,1,1,1,1,1,1,1,1
/home/sobhan_hosseini/datasets/mvtec/hazelnut/train/good/072.png,0,,good,test,1,1,1,1,1,1,1,1,0,0,0,0,0,1,1,1,1,1,1,1,1,1,1,1,1,1,1,1,1,1,1,1,1,1,1,1
/home/sobhan_hosseini/datasets/mvtec/hazelnut/train/good/073.png,0,,good,train,1,0,1,1,0,1,1,1,1,1,1,1,0,1,1,1,1,1,1,1,1,1,1,1,1,1,1,1,1,1,1,1,1,1,1,1
/home/sobhan_hosseini/datasets/mvtec/hazelnut/train/good/074.png,0,,good,test,1,1,1,1,0,1,1,1,1,1,0,1,1,1,1,1,1,1,1,1,1,1,1,1,1,1,1,1,1,1,1,1,1,1,1,1
/home/sobhan_hosseini/datasets/mvtec/hazelnut/train/good/075.png,0,,good,train,1,1,1,1,0,1,1,1,1,1,0,1,1,1,1,1,1,1,1,1,1,1,1,1,1,1,1,1,1,1,1,1,1,1,1,1
/home/sobhan_hosseini/datasets/mvtec/hazelnut/train/good/076.png,0,,good,train,1,1,1,1,0,1,1,1,1,1,1,1,0,1,1,1,1,1,1,1,1,1,1,1,1,1,1,1,1,1,1,1,1,1,1,1
/home/sobhan_hosseini/datasets/mvtec/hazelnut/train/good/077.png,0,,good,val,1,1,1,1,1,1,1,1,0,0,0,0,0,1,1,1,1,1,1,1,1,1,1,1,1,1,1,1,1,1,1,1,1,1,1,1
/home/sobhan_hosseini/datasets/mvtec/hazelnut/train/good/078.png,0,,good,train,1,0,1,1,0,0,1,1,1,1,1,1,1,1,1,1,1,1,1,1,1,1,1,1,1,1,1,1,1,1,1,1,1,1,1,1
/home/sobhan_hosseini/datasets/mvtec/hazelnut/train/good/079.png,0,,good,train,1,1,1,1,0,1,1,1,0,0,0,0,0,1,1,1,1,1,1,1,1,1,1,1,1,1,1,1,1,1,1,1,1,1,1,1
/home/sobhan_hosseini/datasets/mvtec/hazelnut/train/good/080.png,0,,good,train,1,1,1,1,1,1,1,1,1,0,0,0,0,1,1,1,1,1,1,1,1,1,1,1,1,1,1,1,1,1,1,1,1,1,1,1
/home/sobhan_hosseini/datasets/mvtec/hazelnut/train/good/081.png,0,,good,train,1,1,1,1,1,1,1,1,0,0,0,0,0,1,1,1,1,1,1,1,1,1,1,1,1,1,1,1,1,1,1,1,1,1,1,1
/home/sobhan_hosseini/datasets/mvtec/hazelnut/train/good/082.png,0,,good,train,1,1,1,1,1,1,1,1,0,0,0,0,0,1,1,1,1,1,1,1,1,1,1,1,1,1,1,1,1,1,1,1,1,1,1,1
/home/sobhan_hosseini/datasets/mvtec/hazelnut/train/good/083.png,0,,good,train,1,1,1,1,0,1,1,1,0,0,0,0,0,1,1,1,1,1,1,1,1,1,1,1,1,1,1,1,1,1,1,1,1,1,1,1
/home/sobhan_hosseini/datasets/mvtec/hazelnut/train/good/084.png,0,,good,train,1,1,1,1,0,1,1,1,0,0,0,0,0,1,1,1,1,1,1,1,1,1,1,1,1,1,1,1,1,1,1,1,1,1,1,1
/home/sobhan_hosseini/datasets/mvtec/hazelnut/train/good/085.png,0,,good,train,1,0,1,1,0,1,1,1,1,1,1,1,1,1,1,1,1,1,1,1,1,1,1,1,1,1,1,1,1,1,1,1,1,1,1,1
/home/sobhan_hosseini/datasets/mvtec/hazelnut/train/good/086.png,0,,good,train,1,1,1,1,0,1,1,1,1,1,0,1,1,1,1,1,1,1,1,1,1,1,1,1,1,1,1,1,1,1,1,1,1,1,1,1
/home/sobhan_hosseini/datasets/mvtec/hazelnut/train/good/087.png,0,,good,train,1,1,1,1,0,1,1,1,0,1,0,0,0,1,1,1,1,1,1,1,1,1,1,1,1,1,1,1,1,1,1,1,1,1,1,1
/home/sobhan_hosseini/datasets/mvtec/hazelnut/train/good/088.png,0,,good,test,1,1,1,1,0,1,1,1,1,1,1,0,0,1,1,1,1,1,1,1,1,1,1,1,1,1,1,1,1,1,1,1,1,1,1,1
/home/sobhan_hosseini/datasets/mvtec/hazelnut/train/good/089.png,0,,good,val,1,1,1,1,0,1,1,1,1,1,0,1,1,1,1,1,1,1,1,1,1,1,1,1,1,1,1,1,1,1,1,1,1,1,1,1
/home/sobhan_hosseini/datasets/mvtec/hazelnut/train/good/090.png,0,,good,train,1,1,1,1,0,1,1,1,0,1,0,0,0,1,1,1,1,1,1,1,1,1,1,1,1,1,1,1,1,1,1,1,1,1,1,1
/home/sobhan_hosseini/datasets/mvtec/hazelnut/train/good/091.png,0,,good,train,1,1,1,1,0,1,1,1,1,1,1,1,1,1,1,1,1,1,1,1,1,1,1,1,1,1,1,1,1,1,1,1,1,1,1,1
/home/sobhan_hosseini/datasets/mvtec/hazelnut/train/good/092.png,0,,good,test,1,1,1,1,1,1,1,1,0,0,0,0,0,1,1,1,1,1,1,1,1,1,1,1,1,1,1,1,1,1,1,1,1,1,1,1
/home/sobhan_hosseini/datasets/mvtec/hazelnut/train/good/093.png,0,,good,test,1,1,1,1,1,1,1,1,0,0,0,0,0,1,1,1,1,1,1,1,1,1,1,1,1,1,1,1,1,1,1,1,1,1,1,1
/home/sobhan_hosseini/datasets/mvtec/hazelnut/train/good/094.png,0,,good,val,1,1,1,1,1,1,1,1,0,0,0,0,0,1,1,1,1,1,1,1,1,1,1,1,1,1,1,1,1,1,1,1,1,1,1,1
/home/sobhan_hosseini/datasets/mvtec/hazelnut/train/good/095.png,0,,good,val,1,1,1,1,0,1,1,1,1,0,0,1,1,1,1,1,1,1,1,1,1,1,1,1,1,1,1,1,1,1,1,1,1,1,1,1
/home/sobhan_hosseini/datasets/mvtec/hazelnut/train/good/096.png,0,,good,val,1,1,1,1,1,1,1,1,1,0,0,0,0,1,1,1,1,1,1,1,1,1,1,1,1,1,1,1,1,1,1,1,1,1,1,1
/home/sobhan_hosseini/datasets/mvtec/hazelnut/train/good/097.png,0,,good,train,1,1,1,1,0,1,1,1,0,1,0,1,0,1,1,1,1,1,1,1,1,1,1,1,1,1,1,1,1,1,1,1,1,1,1,1
/home/sobhan_hosseini/datasets/mvtec/hazelnut/train/good/098.png,0,,good,train,1,1,1,1,1,1,1,1,0,0,0,0,0,1,1,1,1,1,1,1,1,1,1,1,1,1,1,1,1,1,1,1,1,1,1,1
/home/sobhan_hosseini/datasets/mvtec/hazelnut/train/good/099.png,0,,good,train,1,0,1,1,1,1,1,1,1,1,1,1,0,1,1,1,1,1,1,1,1,1,1,1,1,1,1,1,1,1,1,1,1,1,1,1
/home/sobhan_hosseini/datasets/mvtec/hazelnut/train/good/100.png,0,,good,test,1,1,1,1,0,1,1,1,1,1,0,1,1,1,1,1,1,1,1,1,1,1,1,1,1,1,1,1,1,1,1,1,1,1,1,1
/home/sobhan_hosseini/datasets/mvtec/hazelnut/train/good/101.png,0,,good,train,1,1,1,1,1,1,1,1,0,1,0,1,0,1,1,1,1,1,1,1,1,1,1,1,1,1,1,1,1,1,1,1,1,1,1,1
/home/sobhan_hosseini/datasets/mvtec/hazelnut/train/good/102.png,0,,good,train,1,1,1,1,0,0,1,1,1,1,1,1,1,1,1,1,1,1,1,1,1,1,1,1,1,1,1,1,1,1,1,1,1,1,1,1
/home/sobhan_hosseini/datasets/mvtec/hazelnut/train/good/103.png,0,,good,train,1,1,1,1,1,1,1,1,0,0,0,0,0,1,1,1,1,1,1,1,1,1,1,1,1,1,1,1,1,1,1,1,1,1,1,1
/home/sobhan_hosseini/datasets/mvtec/hazelnut/train/good/104.png,0,,good,train,1,1,1,1,0,0,1,1,1,1,0,1,1,1,1,1,1,1,1,1,1,1,1,1,1,1,1,1,1,1,1,1,1,1,1,1
/home/sobhan_hosseini/datasets/mvtec/hazelnut/train/good/105.png,0,,good,train,1,1,1,1,0,1,1,1,1,1,1,1,1,1,1,1,1,1,1,1,1,1,1,1,1,1,1,1,1,1,1,1,1,1,1,1
/home/sobhan_hosseini/datasets/mvtec/hazelnut/train/good/106.png,0,,good,train,1,1,1,1,1,1,1,1,1,0,0,0,0,1,1,1,1,1,1,1,1,1,1,1,1,1,1,1,1,1,1,1,1,1,1,1
/home/sobhan_hosseini/datasets/mvtec/hazelnut/train/good/107.png,0,,good,train,1,1,1,1,1,1,1,1,0,0,0,0,0,1,1,1,1,1,1,1,1,1,1,1,1,1,1,1,1,1,1,1,1,1,1,1
/home/sobhan_hosseini/datasets/mvtec/hazelnut/train/good/108.png,0,,good,train,1,1,1,1,0,1,1,1,0,1,0,0,1,1,1,1,1,1,1,1,1,1,1,1,1,1,1,1,1,1,1,1,1,1,1,1
/home/sobhan_hosseini/datasets/mvtec/hazelnut/train/good/109.png,0,,good,train,1,1,1,1,0,1,1,1,1,1,0,1,1,1,1,1,1,1,1,1,1,1,1,1,1,1,1,1,1,1,1,1,1,1,1,1
/home/sobhan_hosseini/datasets/mvtec/hazelnut/train/good/110.png,0,,good,train,1,1,1,1,1,1,1,1,0,0,0,0,0,1,1,1,1,1,1,1,1,1,1,1,1,1,1,1,1,1,1,1,1,1,1,1
/home/sobhan_hosseini/datasets/mvtec/hazelnut/train/good/111.png,0,,good,train,1,1,1,1,1,1,1,1,0,0,0,0,0,1,1,1,1,1,1,1,1,1,1,1,1,1,1,1,1,1,1,1,1,1,1,1
/home/sobhan_hosseini/datasets/mvtec/hazelnut/train/good/112.png,0,,good,train,1,1,1,1,0,1,1,1,1,1,0,1,1,1,1,1,1,1,1,1,1,1,1,1,1,1,1,1,1,1,1,1,1,1,1,1
/home/sobhan_hosseini/datasets/mvtec/hazelnut/train/good/113.png,0,,good,train,1,1,1,1,0,1,1,1,0,0,0,0,0,1,1,1,1,1,1,1,1,1,1,1,1,1,1,1,1,1,1,1,1,1,1,1
/home/sobhan_hosseini/datasets/mvtec/hazelnut/train/good/114.png,0,,good,train,1,1,1,1,0,1,1,1,0,0,0,0,0,1,1,1,1,1,1,1,1,1,1,1,1,1,1,1,1,1,1,1,1,1,1,1
/home/sobhan_hosseini/datasets/mvtec/hazelnut/train/good/115.png,0,,good,train,1,1,1,1,1,1,1,1,0,0,0,0,0,1,1,1,1,1,1,1,1,1,1,1,1,1,1,1,1,1,1,1,1,1,1,1
/home/sobhan_hosseini/datasets/mvtec/hazelnut/train/good/116.png,0,,good,train,1,1,1,1,0,1,1,1,1,1,1,1,0,1,1,1,1,1,1,1,1,1,1,1,1,1,1,1,1,1,1,1,1,1,1,1
/home/sobhan_hosseini/datasets/mvtec/hazelnut/train/good/117.png,0,,good,train,1,1,1,1,1,1,1,1,0,0,0,0,0,1,1,1,1,1,1,1,1,1,1,1,1,1,1,1,1,1,1,1,1,1,1,1
/home/sobhan_hosseini/datasets/mvtec/hazelnut/train/good/118.png,0,,good,train,1,1,1,1,1,1,1,1,0,0,0,0,0,1,1,1,1,1,1,1,1,1,1,1,1,1,1,1,1,1,1,1,1,1,1,1
/home/sobhan_hosseini/datasets/mvtec/hazelnut/train/good/119.png,0,,good,train,1,1,1,1,1,1,1,1,0,0,0,0,0,1,1,1,1,1,1,1,1,1,1,1,1,1,1,1,1,1,1,1,1,1,1,1
/home/sobhan_hosseini/datasets/mvtec/hazelnut/train/good/120.png,0,,good,test,1,1,1,1,1,1,1,1,0,0,0,0,0,1,1,1,1,1,1,1,1,1,1,1,1,1,1,1,1,1,1,1,1,1,1,1
/home/sobhan_hosseini/datasets/mvtec/hazelnut/train/good/121.png,0,,good,train,1,1,1,1,0,1,1,1,1,1,0,1,0,1,1,1,1,1,1,1,1,1,1,1,1,1,1,1,1,1,1,1,1,1,1,1
/home/sobhan_hosseini/datasets/mvtec/hazelnut/train/good/122.png,0,,good,train,1,1,1,1,0,1,1,1,0,0,0,0,0,1,1,1,1,1,1,1,1,1,1,1,1,1,1,1,1,1,1,1,1,1,1,1
/home/sobhan_hosseini/datasets/mvtec/hazelnut/train/good/123.png,0,,good,train,1,1,1,1,1,1,1,1,0,0,0,1,0,1,1,1,1,1,1,1,1,1,1,1,1,1,1,1,1,1,1,1,1,1,1,1
/home/sobhan_hosseini/datasets/mvtec/hazelnut/train/good/124.png,0,,good,train,1,1,1,1,0,1,1,1,1,1,1,1,1,1,1,1,1,1,1,1,1,1,1,1,1,1,1,1,1,1,1,1,1,1,1,1
/home/sobhan_hosseini/datasets/mvtec/hazelnut/train/good/125.png,0,,good,train,1,1,1,1,0,1,1,1,1,1,1,1,1,1,1,1,1,1,1,1,1,1,1,1,1,1,1,1,1,1,1,1,1,1,1,1
/home/sobhan_hosseini/datasets/mvtec/hazelnut/train/good/126.png,0,,good,train,1,1,1,1,0,1,1,1,1,1,0,1,1,1,1,1,1,1,1,1,1,1,1,1,1,1,1,1,1,1,1,1,1,1,1,1
/home/sobhan_hosseini/datasets/mvtec/hazelnut/train/good/127.png,0,,good,train,1,1,1,1,0,1,1,1,0,1,0,1,0,1,1,1,1,1,1,1,1,1,1,1,1,1,1,1,1,1,1,1,1,1,1,1
/home/sobhan_hosseini/datasets/mvtec/hazelnut/train/good/128.png,0,,good,train,1,1,1,1,0,1,1,1,1,1,0,1,0,1,1,1,1,1,1,1,1,1,1,1,1,1,1,1,1,1,1,1,1,1,1,1
/home/sobhan_hosseini/datasets/mvtec/hazelnut/train/good/129.png,0,,good,test,1,1,1,1,0,1,1,1,1,1,1,1,1,1,1,1,1,1,1,1,1,1,1,1,1,1,1,1,1,1,1,1,1,1,1,1
/home/sobhan_hosseini/datasets/mvtec/hazelnut/train/good/130.png,0,,good,train,1,1,1,1,0,1,1,1,0,0,0,0,0,1,1,1,1,1,1,1,1,1,1,1,1,1,1,1,1,1,1,1,1,1,1,1
/home/sobhan_hosseini/datasets/mvtec/hazelnut/train/good/131.png,0,,good,val,1,1,1,1,1,1,1,1,0,0,0,0,0,1,1,1,1,1,1,1,1,1,1,1,1,1,1,1,1,1,1,1,1,1,1,1
/home/sobhan_hosseini/datasets/mvtec/hazelnut/train/good/132.png,0,,good,val,1,1,1,1,1,1,1,1,0,0,0,1,0,1,1,1,1,1,1,1,1,1,1,1,1,1,1,1,1,1,1,1,1,1,1,1
/home/sobhan_hosseini/datasets/mvtec/hazelnut/train/good/133.png,0,,good,train,1,1,1,1,0,0,1,1,1,1,0,1,1,1,1,1,1,1,1,1,1,1,1,1,1,1,1,1,1,1,1,1,1,1,1,1
/home/sobhan_hosseini/datasets/mvtec/hazelnut/train/good/134.png,0,,good,train,1,1,1,1,0,0,1,1,1,1,0,1,1,1,1,1,1,1,1,1,1,1,1,1,1,1,1,1,1,1,1,1,1,1,1,1
/home/sobhan_hosseini/datasets/mvtec/hazelnut/train/good/135.png,0,,good,train,1,1,1,1,1,0,1,1,0,1,0,0,0,1,1,1,1,1,1,1,1,1,1,1,1,1,1,1,1,1,1,1,1,1,1,1
/home/sobhan_hosseini/datasets/mvtec/hazelnut/train/good/136.png,0,,good,train,1,1,1,1,0,1,1,1,0,1,0,0,1,1,1,1,1,1,1,1,1,1,1,1,1,1,1,1,1,1,1,1,1,1,1,1
/home/sobhan_hosseini/datasets/mvtec/hazelnut/train/good/137.png,0,,good,train,1,1,1,1,0,1,1,1,0,1,1,1,0,1,1,1,1,1,1,1,1,1,1,1,1,1,1,1,1,1,1,1,1,1,1,1
/home/sobhan_hosseini/datasets/mvtec/hazelnut/train/good/138.png,0,,good,train,1,1,1,1,1,1,1,1,0,0,0,0,0,1,1,1,1,1,1,1,1,1,1,1,1,1,1,1,1,1,1,1,1,1,1,1
/home/sobhan_hosseini/datasets/mvtec/hazelnut/train/good/139.png,0,,good,train,1,1,1,1,1,1,1,1,1,1,0,1,1,1,1,1,1,1,1,1,1,1,1,1,1,1,1,1,1,1,1,1,1,1,1,1
/home/sobhan_hosseini/datasets/mvtec/hazelnut/train/good/140.png,0,,good,train,1,1,1,1,1,1,1,1,0,0,0,0,0,1,1,1,1,1,1,1,1,1,1,1,1,1,1,1,1,1,1,1,1,1,1,1
/home/sobhan_hosseini/datasets/mvtec/hazelnut/train/good/141.png,0,,good,train,1,1,1,1,0,0,1,1,1,1,0,1,1,1,1,1,1,1,1,1,1,1,1,1,1,1,1,1,1,1,1,1,1,1,1,1
/home/sobhan_hosseini/datasets/mvtec/hazelnut/train/good/142.png,0,,good,train,1,1,1,1,0,1,1,1,1,1,1,1,1,1,1,1,1,1,1,1,1,1,1,1,1,1,1,1,1,1,1,1,1,1,1,1
/home/sobhan_hosseini/datasets/mvtec/hazelnut/train/good/143.png,0,,good,val,1,1,1,1,1,1,1,1,0,1,1,1,0,1,1,1,1,1,1,1,1,1,1,1,1,1,1,1,1,1,1,1,1,1,1,1
/home/sobhan_hosseini/datasets/mvtec/hazelnut/train/good/144.png,0,,good,train,1,1,1,1,0,1,1,1,0,1,0,0,0,1,1,1,1,1,1,1,1,1,1,1,1,1,1,1,1,1,1,1,1,1,1,1
/home/sobhan_hosseini/datasets/mvtec/hazelnut/train/good/145.png,0,,good,train,1,1,1,1,0,1,1,1,1,0,0,0,0,1,1,1,1,1,1,1,1,1,1,1,1,1,1,1,1,1,1,1,1,1,1,1
/home/sobhan_hosseini/datasets/mvtec/hazelnut/train/good/146.png,0,,good,train,1,1,1,1,1,1,1,1,0,0,0,0,0,1,1,1,1,1,1,1,1,1,1,1,1,1,1,1,1,1,1,1,1,1,1,1
/home/sobhan_hosseini/datasets/mvtec/hazelnut/train/good/147.png,0,,good,train,1,1,1,1,0,1,1,1,1,1,1,1,1,1,1,1,1,1,1,1,1,1,1,1,1,1,1,1,1,1,1,1,1,1,1,1
/home/sobhan_hosseini/datasets/mvtec/hazelnut/train/good/148.png,0,,good,train,1,1,1,1,1,1,1,1,0,0,0,0,0,1,1,1,1,1,1,1,1,1,1,1,1,1,1,1,1,1,1,1,1,1,1,1
/home/sobhan_hosseini/datasets/mvtec/hazelnut/train/good/149.png,0,,good,train,1,1,1,1,0,1,1,1,0,1,0,1,1,1,1,1,1,1,1,1,1,1,1,1,1,1,1,1,1,1,1,1,1,1,1,1
/home/sobhan_hosseini/datasets/mvtec/hazelnut/train/good/150.png,0,,good,train,1,1,1,1,0,1,1,1,0,1,0,1,0,1,1,1,1,1,1,1,1,1,1,1,1,1,1,1,1,1,1,1,1,1,1,1
/home/sobhan_hosseini/datasets/mvtec/hazelnut/train/good/151.png,0,,good,test,1,1,1,1,0,1,1,1,0,0,0,0,0,1,1,1,1,1,1,1,1,1,1,1,1,1,1,1,1,1,1,1,1,1,1,1
/home/sobhan_hosseini/datasets/mvtec/hazelnut/train/good/152.png,0,,good,train,1,1,1,1,0,1,1,1,1,0,0,1,0,1,1,1,1,1,1,1,1,1,1,1,1,1,1,1,1,1,1,1,1,1,1,1
/home/sobhan_hosseini/datasets/mvtec/hazelnut/train/good/153.png,0,,good,test,1,1,1,1,0,1,1,1,0,0,0,1,0,1,1,1,1,1,1,1,1,1,1,1,1,1,1,1,1,1,1,1,1,1,1,1
/home/sobhan_hosseini/datasets/mvtec/hazelnut/train/good/154.png,0,,good,train,1,1,1,1,0,1,1,1,0,1,1,1,0,1,1,1,1,1,1,1,1,1,1,1,1,1,1,1,1,1,1,1,1,1,1,1
/home/sobhan_hosseini/datasets/mvtec/hazelnut/train/good/155.png,0,,good,test,1,1,1,1,1,1,1,1,0,0,0,0,0,1,1,1,1,1,1,1,1,1,1,1,1,1,1,1,1,1,1,1,1,1,1,1
/home/sobhan_hosseini/datasets/mvtec/hazelnut/train/good/156.png,0,,good,train,1,1,1,1,0,1,1,1,0,1,0,0,0,1,1,1,1,1,1,1,1,1,1,1,1,1,1,1,1,1,1,1,1,1,1,1
/home/sobhan_hosseini/datasets/mvtec/hazelnut/train/good/157.png,0,,good,train,1,1,1,1,0,1,1,1,1,1,0,0,0,1,1,1,1,1,1,1,1,1,1,1,1,1,1,1,1,1,1,1,1,1,1,1
/home/sobhan_hosseini/datasets/mvtec/hazelnut/train/good/158.png,0,,good,train,1,1,1,1,1,1,1,1,0,0,0,0,0,1,1,1,1,1,1,1,1,1,1,1,1,1,1,1,1,1,1,1,1,1,1,1
/home/sobhan_hosseini/datasets/mvtec/hazelnut/train/good/159.png,0,,good,train,1,1,1,1,1,1,1,1,0,0,0,0,0,1,1,1,1,1,1,1,1,1,1,1,1,1,1,1,1,1,1,1,1,1,1,1
/home/sobhan_hosseini/datasets/mvtec/hazelnut/train/good/160.png,0,,good,train,1,1,1,1,1,1,1,1,0,0,0,0,0,1,1,1,1,1,1,1,1,1,1,1,1,1,1,1,1,1,1,1,1,1,1,1
/home/sobhan_hosseini/datasets/mvtec/hazelnut/train/good/161.png,0,,good,train,1,1,1,1,0,1,1,1,0,0,0,0,0,1,1,1,1,1,1,1,1,1,1,1,1,1,1,1,1,1,1,1,1,1,1,1
/home/sobhan_hosseini/datasets/mvtec/hazelnut/train/good/162.png,0,,good,val,1,1,1,1,0,1,1,1,0,1,0,1,0,1,1,1,1,1,1,1,1,1,1,1,1,1,1,1,1,1,1,1,1,1,1,1
/home/sobhan_hosseini/datasets/mvtec/hazelnut/train/good/163.png,0,,good,test,1,1,1,1,1,1,1,1,1,0,0,1,0,1,1,1,1,1,1,1,1,1,1,1,1,1,1,1,1,1,1,1,1,1,1,1
/home/sobhan_hosseini/datasets/mvtec/hazelnut/train/good/164.png,0,,good,train,1,1,1,1,0,1,1,1,0,1,0,0,0,1,1,1,1,1,1,1,1,1,1,1,1,1,1,1,1,1,1,1,1,1,1,1
/home/sobhan_hosseini/datasets/mvtec/hazelnut/train/good/165.png,0,,good,train,1,1,1,1,0,1,1,1,0,0,0,0,0,1,1,1,1,1,1,1,1,1,1,1,1,1,1,1,1,1,1,1,1,1,1,1
/home/sobhan_hosseini/datasets/mvtec/hazelnut/train/good/166.png,0,,good,train,1,1,1,1,1,1,1,1,0,0,0,0,0,1,1,1,1,1,1,1,1,1,1,1,1,1,1,1,1,1,1,1,1,1,1,1
/home/sobhan_hosseini/datasets/mvtec/hazelnut/train/good/167.png,0,,good,train,1,1,1,1,1,1,1,1,0,0,0,0,0,1,1,1,1,1,1,1,1,1,1,1,1,1,1,1,1,1,1,1,1,1,1,1
/home/sobhan_hosseini/datasets/mvtec/hazelnut/train/good/168.png,0,,good,train,1,1,1,1,1,1,1,1,0,0,0,0,0,1,1,1,1,1,1,1,1,1,1,1,1,1,1,1,1,1,1,1,1,1,1,1
/home/sobhan_hosseini/datasets/mvtec/hazelnut/train/good/169.png,0,,good,train,1,1,1,1,0,1,1,1,1,1,0,1,0,1,1,1,1,1,1,1,1,1,1,1,1,1,1,1,1,1,1,1,1,1,1,1
/home/sobhan_hosseini/datasets/mvtec/hazelnut/train/good/170.png,0,,good,train,1,1,1,1,1,1,1,1,0,0,0,0,0,1,1,1,1,1,1,1,1,1,1,1,1,1,1,1,1,1,1,1,1,1,1,1
/home/sobhan_hosseini/datasets/mvtec/hazelnut/train/good/171.png,0,,good,test,1,1,1,1,0,1,1,1,1,1,1,1,0,1,1,1,1,1,1,1,1,1,1,1,1,1,1,1,1,1,1,1,1,1,1,1
/home/sobhan_hosseini/datasets/mvtec/hazelnut/train/good/172.png,0,,good,train,1,1,1,1,0,1,1,1,1,1,0,1,0,1,1,1,1,1,1,1,1,1,1,1,1,1,1,1,1,1,1,1,1,1,1,1
/home/sobhan_hosseini/datasets/mvtec/hazelnut/train/good/173.png,0,,good,train,1,0,1,1,0,1,1,1,1,1,1,1,0,1,1,1,1,1,1,1,1,1,1,1,1,1,1,1,1,1,1,1,1,1,1,1
/home/sobhan_hosseini/datasets/mvtec/hazelnut/train/good/174.png,0,,good,train,1,1,1,1,1,0,1,1,1,1,1,1,0,1,1,1,1,1,1,1,1,1,1,1,1,1,1,1,1,1,1,1,1,1,1,1
/home/sobhan_hosseini/datasets/mvtec/hazelnut/train/good/175.png,0,,good,test,1,0,1,1,0,1,1,1,1,1,1,1,1,1,1,1,1,1,1,1,1,1,1,1,1,1,1,1,1,1,1,1,1,1,1,1
/home/sobhan_hosseini/datasets/mvtec/hazelnut/train/good/176.png,0,,good,train,1,1,1,1,1,1,1,1,0,0,0,0,0,1,1,1,1,1,1,1,1,1,1,1,1,1,1,1,1,1,1,1,1,1,1,1
/home/sobhan_hosseini/datasets/mvtec/hazelnut/train/good/177.png,0,,good,test,1,1,1,1,0,1,1,1,0,0,0,0,0,1,1,1,1,1,1,1,1,1,1,1,1,1,1,1,1,1,1,1,1,1,1,1
/home/sobhan_hosseini/datasets/mvtec/hazelnut/train/good/178.png,0,,good,train,1,1,1,1,0,1,1,1,1,1,1,1,0,1,1,1,1,1,1,1,1,1,1,1,1,1,1,1,1,1,1,1,1,1,1,1
/home/sobhan_hosseini/datasets/mvtec/hazelnut/train/good/179.png,0,,good,test,1,1,1,1,0,1,1,1,0,1,1,0,0,1,1,1,1,1,1,1,1,1,1,1,1,1,1,1,1,1,1,1,1,1,1,1
/home/sobhan_hosseini/datasets/mvtec/hazelnut/train/good/180.png,0,,good,train,1,0,1,1,0,1,1,1,1,1,1,1,0,1,1,1,1,1,1,1,1,1,1,1,1,1,1,1,1,1,1,1,1,1,1,1
/home/sobhan_hosseini/datasets/mvtec/hazelnut/train/good/181.png,0,,good,train,1,1,1,1,0,1,1,1,0,1,0,1,0,1,1,1,1,1,1,1,1,1,1,1,1,1,1,1,1,1,1,1,1,1,1,1
/home/sobhan_hosseini/datasets/mvtec/hazelnut/train/good/182.png,0,,good,test,1,1,1,1,0,1,1,1,0,1,0,0,0,1,1,1,1,1,1,1,1,1,1,1,1,1,1,1,1,1,1,1,1,1,1,1
/home/sobhan_hosseini/datasets/mvtec/hazelnut/train/good/183.png,0,,good,train,1,1,1,1,0,0,1,1,1,1,0,1,0,1,1,1,1,1,1,1,1,1,1,1,1,1,1,1,1,1,1,1,1,1,1,1
/home/sobhan_hosseini/datasets/mvtec/hazelnut/train/good/184.png,0,,good,test,1,1,1,1,1,1,1,1,1,1,1,1,0,1,1,1,1,1,1,1,1,1,1,1,1,1,1,1,1,1,1,1,1,1,1,1
/home/sobhan_hosseini/datasets/mvtec/hazelnut/train/good/185.png,0,,good,train,1,1,1,1,0,1,1,1,1,1,1,1,0,1,1,1,1,1,1,1,1,1,1,1,1,1,1,1,1,1,1,1,1,1,1,1
/home/sobhan_hosseini/datasets/mvtec/hazelnut/train/good/186.png,0,,good,train,1,1,1,1,0,1,1,1,1,1,0,1,0,1,1,1,1,1,1,1,1,1,1,1,1,1,1,1,1,1,1,1,1,1,1,1
/home/sobhan_hosseini/datasets/mvtec/hazelnut/train/good/187.png,0,,good,val,1,1,1,1,1,1,1,1,0,0,0,0,0,1,1,1,1,1,1,1,1,1,1,1,1,1,1,1,1,1,1,1,1,1,1,1
/home/sobhan_hosseini/datasets/mvtec/hazelnut/train/good/188.png,0,,good,val,1,1,1,1,0,1,1,1,1,1,0,1,0,1,1,1,1,1,1,1,1,1,1,1,1,1,1,1,1,1,1,1,1,1,1,1
/home/sobhan_hosseini/datasets/mvtec/hazelnut/train/good/189.png,0,,good,train,1,1,1,1,0,1,1,1,0,0,0,1,0,1,1,1,1,1,1,1,1,1,1,1,1,1,1,1,1,1,1,1,1,1,1,1
/home/sobhan_hosseini/datasets/mvtec/hazelnut/train/good/190.png,0,,good,val,1,1,1,1,1,1,1,1,0,0,0,0,0,1,1,1,1,1,1,1,1,1,1,1,1,1,1,1,1,1,1,1,1,1,1,1
/home/sobhan_hosseini/datasets/mvtec/hazelnut/train/good/191.png,0,,good,train,1,0,1,1,0,0,0,1,1,1,1,1,1,1,1,1,1,1,1,1,1,1,1,1,1,1,1,1,1,1,1,1,1,1,1,1
/home/sobhan_hosseini/datasets/mvtec/hazelnut/train/good/192.png,0,,good,train,1,1,1,1,0,1,1,1,0,1,0,0,0,1,1,1,1,1,1,1,1,1,1,1,1,1,1,1,1,1,1,1,1,1,1,1
/home/sobhan_hosseini/datasets/mvtec/hazelnut/train/good/193.png,0,,good,train,1,1,1,1,0,0,1,1,1,1,1,1,1,1,1,1,1,1,1,1,1,1,1,1,1,1,1,1,1,1,1,1,1,1,1,1
/home/sobhan_hosseini/datasets/mvtec/hazelnut/train/good/194.png,0,,good,train,1,1,1,1,0,1,1,1,1,1,1,1,1,1,1,1,1,1,1,1,1,1,1,1,1,1,1,1,1,1,1,1,1,1,1,1
/home/sobhan_hosseini/datasets/mvtec/hazelnut/train/good/195.png,0,,good,train,1,1,1,1,0,1,1,1,0,0,0,0,0,1,1,1,1,1,1,1,1,1,1,1,1,1,1,1,1,1,1,1,1,1,1,1
/home/sobhan_hosseini/datasets/mvtec/hazelnut/train/good/196.png,0,,good,train,1,1,1,1,1,1,1,1,0,0,0,0,0,1,1,1,1,1,1,1,1,1,1,1,1,1,1,1,1,1,1,1,1,1,1,1
/home/sobhan_hosseini/datasets/mvtec/hazelnut/train/good/197.png,0,,good,train,1,1,1,1,1,1,1,1,0,0,0,0,0,1,1,1,1,1,1,1,1,1,1,1,1,1,1,1,1,1,1,1,1,1,1,1
/home/sobhan_hosseini/datasets/mvtec/hazelnut/train/good/198.png,0,,good,train,1,1,1,1,0,1,1,1,0,1,0,0,0,1,1,1,1,1,1,1,1,1,1,1,1,1,1,1,1,1,1,1,1,1,1,1
/home/sobhan_hosseini/datasets/mvtec/hazelnut/train/good/199.png,0,,good,test,1,1,1,1,0,1,1,1,0,1,0,0,0,1,1,1,1,1,1,1,1,1,1,1,1,1,1,1,1,1,1,1,1,1,1,1
/home/sobhan_hosseini/datasets/mvtec/hazelnut/train/good/200.png,0,,good,train,1,0,1,1,0,1,0,1,1,1,1,1,0,1,1,1,1,1,1,1,1,1,1,1,1,1,1,1,1,1,1,1,1,1,1,1
/home/sobhan_hosseini/datasets/mvtec/hazelnut/train/good/201.png,0,,good,test,1,1,1,1,1,1,1,1,0,0,0,0,0,1,1,1,1,1,1,1,1,1,1,1,1,1,1,1,1,1,1,1,1,1,1,1
/home/sobhan_hosseini/datasets/mvtec/hazelnut/train/good/202.png,0,,good,train,1,1,1,1,1,1,1,1,0,0,0,0,0,1,1,1,1,1,1,1,1,1,1,1,1,1,1,1,1,1,1,1,1,1,1,1
/home/sobhan_hosseini/datasets/mvtec/hazelnut/train/good/203.png,0,,good,val,1,1,1,1,1,1,1,1,0,0,0,0,0,1,1,1,1,1,1,1,1,1,1,1,1,1,1,1,1,1,1,1,1,1,1,1
/home/sobhan_hosseini/datasets/mvtec/hazelnut/train/good/204.png,0,,good,train,1,1,1,1,0,1,1,1,1,1,1,1,0,1,1,1,1,1,1,1,1,1,1,1,1,1,1,1,1,1,1,1,1,1,1,1
/home/sobhan_hosseini/datasets/mvtec/hazelnut/train/good/205.png,0,,good,train,1,1,1,1,0,1,1,1,1,1,1,1,0,1,1,1,1,1,1,1,1,1,1,1,1,1,1,1,1,1,1,1,1,1,1,1
/home/sobhan_hosseini/datasets/mvtec/hazelnut/train/good/206.png,0,,good,train,1,1,1,1,1,1,1,1,0,0,0,0,0,1,1,1,1,1,1,1,1,1,1,1,1,1,1,1,1,1,1,1,1,1,1,1
/home/sobhan_hosseini/datasets/mvtec/hazelnut/train/good/207.png,0,,good,test,1,1,1,1,0,1,1,1,1,0,0,0,0,1,1,1,1,1,1,1,1,1,1,1,1,1,1,1,1,1,1,1,1,1,1,1
/home/sobhan_hosseini/datasets/mvtec/hazelnut/train/good/208.png,0,,good,val,1,1,1,1,1,1,1,1,1,1,0,0,0,1,1,1,1,1,1,1,1,1,1,1,1,1,1,1,1,1,1,1,1,1,1,1
/home/sobhan_hosseini/datasets/mvtec/hazelnut/train/good/209.png,0,,good,val,1,1,1,1,0,1,1,1,1,1,1,1,0,1,1,1,1,1,1,1,1,1,1,1,1,1,1,1,1,1,1,1,1,1,1,1
/home/sobhan_hosseini/datasets/mvtec/hazelnut/train/good/210.png,0,,good,train,1,1,1,1,0,1,1,1,1,1,1,1,1,1,1,1,1,1,1,1,1,1,1,1,1,1,1,1,1,1,1,1,1,1,1,1
/home/sobhan_hosseini/datasets/mvtec/hazelnut/train/good/211.png,0,,good,val,1,1,1,1,1,1,1,1,0,1,1,1,0,1,1,1,1,1,1,1,1,1,1,1,1,1,1,1,1,1,1,1,1,1,1,1
/home/sobhan_hosseini/datasets/mvtec/hazelnut/train/good/212.png,0,,good,test,1,1,1,1,0,1,1,1,1,0,0,0,0,1,1,1,1,1,1,1,1,1,1,1,1,1,1,1,1,1,1,1,1,1,1,1
/home/sobhan_hosseini/datasets/mvtec/hazelnut/train/good/213.png,0,,good,test,1,1,1,1,0,0,1,1,1,1,1,1,1,1,1,1,1,1,1,1,1,1,1,1,1,1,1,1,1,1,1,1,1,1,1,1
/home/sobhan_hosseini/datasets/mvtec/hazelnut/train/good/214.png,0,,good,train,1,1,1,1,0,1,1,1,1,1,0,1,1,1,1,1,1,1,1,1,1,1,1,1,1,1,1,1,1,1,1,1,1,1,1,1
/home/sobhan_hosseini/datasets/mvtec/hazelnut/train/good/215.png,0,,good,val,1,1,1,1,1,1,1,1,0,0,0,0,0,1,1,1,1,1,1,1,1,1,1,1,1,1,1,1,1,1,1,1,1,1,1,1
/home/sobhan_hosseini/datasets/mvtec/hazelnut/train/good/216.png,0,,good,train,1,1,1,1,0,1,1,1,1,1,1,1,0,1,1,1,1,1,1,1,1,1,1,1,1,1,1,1,1,1,1,1,1,1,1,1
/home/sobhan_hosseini/datasets/mvtec/hazelnut/train/good/217.png,0,,good,val,1,0,1,1,1,0,1,1,1,0,1,1,0,1,1,1,1,1,1,1,1,1,1,1,1,1,1,1,1,1,1,1,1,1,1,1
/home/sobhan_hosseini/datasets/mvtec/hazelnut/train/good/218.png,0,,good,train,1,1,1,1,1,1,1,1,0,0,0,0,0,1,1,1,1,1,1,1,1,1,1,1,1,1,1,1,1,1,1,1,1,1,1,1
/home/sobhan_hosseini/datasets/mvtec/hazelnut/train/good/219.png,0,,good,train,1,1,1,1,1,1,1,1,0,0,0,0,0,1,1,1,1,1,1,1,1,1,1,1,1,1,1,1,1,1,1,1,1,1,1,1
/home/sobhan_hosseini/datasets/mvtec/hazelnut/train/good/220.png,0,,good,train,1,1,1,1,0,1,1,1,0,1,0,1,0,1,1,1,1,1,1,1,1,1,1,1,1,1,1,1,1,1,1,1,1,1,1,1
/home/sobhan_hosseini/datasets/mvtec/hazelnut/train/good/221.png,0,,good,train,1,1,1,1,0,1,1,1,1,1,1,1,1,1,1,1,1,1,1,1,1,1,1,1,1,1,1,1,1,1,1,1,1,1,1,1
/home/sobhan_hosseini/datasets/mvtec/hazelnut/train/good/222.png,0,,good,train,1,1,1,1,0,1,1,1,1,1,0,1,0,1,1,1,1,1,1,1,1,1,1,1,1,1,1,1,1,1,1,1,1,1,1,1
/home/sobhan_hosseini/datasets/mvtec/hazelnut/train/good/223.png,0,,good,train,1,1,1,1,0,1,1,1,1,0,0,0,0,1,1,1,1,1,1,1,1,1,1,1,1,1,1,1,1,1,1,1,1,1,1,1
/home/sobhan_hosseini/datasets/mvtec/hazelnut/train/good/224.png,0,,good,train,1,1,1,1,0,1,1,1,1,1,0,1,0,1,1,1,1,1,1,1,1,1,1,1,1,1,1,1,1,1,1,1,1,1,1,1
/home/sobhan_hosseini/datasets/mvtec/hazelnut/train/good/225.png,0,,good,train,1,1,1,1,1,1,1,1,0,0,0,0,0,1,1,1,1,1,1,1,1,1,1,1,1,1,1,1,1,1,1,1,1,1,1,1
/home/sobhan_hosseini/datasets/mvtec/hazelnut/train/good/226.png,0,,good,train,1,1,1,1,0,1,1,1,0,1,0,1,0,1,1,1,1,1,1,1,1,1,1,1,1,1,1,1,1,1,1,1,1,1,1,1
/home/sobhan_hosseini/datasets/mvtec/hazelnut/train/good/227.png,0,,good,train,1,1,1,1,0,1,1,1,1,1,0,1,1,1,1,1,1,1,1,1,1,1,1,1,1,1,1,1,1,1,1,1,1,1,1,1
/home/sobhan_hosseini/datasets/mvtec/hazelnut/train/good/228.png,0,,good,train,1,1,1,1,0,1,1,1,1,1,1,1,1,1,1,1,1,1,1,1,1,1,1,1,1,1,1,1,1,1,1,1,1,1,1,1
/home/sobhan_hosseini/datasets/mvtec/hazelnut/train/good/229.png,0,,good,train,1,1,1,1,1,1,1,1,0,0,0,0,0,1,1,1,1,1,1,1,1,1,1,1,1,1,1,1,1,1,1,1,1,1,1,1
/home/sobhan_hosseini/datasets/mvtec/hazelnut/train/good/230.png,0,,good,test,1,1,1,1,0,1,1,1,0,1,0,1,0,1,1,1,1,1,1,1,1,1,1,1,1,1,1,1,1,1,1,1,1,1,1,1
/home/sobhan_hosseini/datasets/mvtec/hazelnut/train/good/231.png,0,,good,train,1,1,1,1,0,1,1,1,1,1,0,1,0,1,1,1,1,1,1,1,1,1,1,1,1,1,1,1,1,1,1,1,1,1,1,1
/home/sobhan_hosseini/datasets/mvtec/hazelnut/train/good/232.png,0,,good,train,1,1,1,1,0,1,1,1,0,1,0,1,0,1,1,1,1,1,1,1,1,1,1,1,1,1,1,1,1,1,1,1,1,1,1,1
/home/sobhan_hosseini/datasets/mvtec/hazelnut/train/good/233.png,0,,good,train,1,1,1,1,0,1,1,1,1,1,0,1,0,1,1,1,1,1,1,1,1,1,1,1,1,1,1,1,1,1,1,1,1,1,1,1
/home/sobhan_hosseini/datasets/mvtec/hazelnut/train/good/234.png,0,,good,train,1,1,1,1,0,1,1,1,0,1,0,1,1,1,1,1,1,1,1,1,1,1,1,1,1,1,1,1,1,1,1,1,1,1,1,1
/home/sobhan_hosseini/datasets/mvtec/hazelnut/train/good/235.png,0,,good,train,1,1,1,1,0,1,1,1,0,0,0,0,0,1,1,1,1,1,1,1,1,1,1,1,1,1,1,1,1,1,1,1,1,1,1,1
/home/sobhan_hosseini/datasets/mvtec/hazelnut/train/good/236.png,0,,good,train,1,1,1,1,0,0,1,1,1,1,0,1,1,1,1,1,1,1,1,1,1,1,1,1,1,1,1,1,1,1,1,1,1,1,1,1
/home/sobhan_hosseini/datasets/mvtec/hazelnut/train/good/237.png,0,,good,train,1,1,1,1,0,1,1,1,1,1,0,1,1,1,1,1,1,1,1,1,1,1,1,1,1,1,1,1,1,1,1,1,1,1,1,1
/home/sobhan_hosseini/datasets/mvtec/hazelnut/train/good/238.png,0,,good,train,1,1,1,1,0,0,1,1,1,1,0,1,0,1,1,1,1,1,1,1,1,1,1,1,1,1,1,1,1,1,1,1,1,1,1,1
/home/sobhan_hosseini/datasets/mvtec/hazelnut/train/good/239.png,0,,good,train,1,1,1,1,0,1,1,1,0,1,0,1,1,1,1,1,1,1,1,1,1,1,1,1,1,1,1,1,1,1,1,1,1,1,1,1
/home/sobhan_hosseini/datasets/mvtec/hazelnut/train/good/240.png,0,,good,test,1,1,1,1,1,1,1,1,0,0,0,0,0,1,1,1,1,1,1,1,1,1,1,1,1,1,1,1,1,1,1,1,1,1,1,1
/home/sobhan_hosseini/datasets/mvtec/hazelnut/train/good/241.png,0,,good,test,1,1,1,1,0,0,1,1,1,1,0,1,1,1,1,1,1,1,1,1,1,1,1,1,1,1,1,1,1,1,1,1,1,1,1,1
/home/sobhan_hosseini/datasets/mvtec/hazelnut/train/good/242.png,0,,good,train,1,1,1,1,1,1,1,1,0,0,0,0,0,1,1,1,1,1,1,1,1,1,1,1,1,1,1,1,1,1,1,1,1,1,1,1
/home/sobhan_hosseini/datasets/mvtec/hazelnut/train/good/243.png,0,,good,train,1,1,1,1,0,1,1,1,1,1,0,1,0,1,1,1,1,1,1,1,1,1,1,1,1,1,1,1,1,1,1,1,1,1,1,1
/home/sobhan_hosseini/datasets/mvtec/hazelnut/train/good/244.png,0,,good,train,1,1,1,1,0,0,1,1,1,1,0,0,0,1,1,1,1,1,1,1,1,1,1,1,1,1,1,1,1,1,1,1,1,1,1,1
/home/sobhan_hosseini/datasets/mvtec/hazelnut/train/good/245.png,0,,good,train,1,1,1,0,0,1,1,1,1,1,0,1,0,1,1,1,1,1,1,1,1,1,1,1,1,1,1,1,1,1,1,1,1,1,1,1
/home/sobhan_hosseini/datasets/mvtec/hazelnut/train/good/246.png,0,,good,train,1,1,1,1,0,1,1,1,0,1,0,1,0,1,1,1,1,1,1,1,1,1,1,1,1,1,1,1,1,1,1,1,1,1,1,1
/home/sobhan_hosseini/datasets/mvtec/hazelnut/train/good/247.png,0,,good,val,1,1,1,1,0,1,1,1,1,0,0,1,0,1,1,1,1,1,1,1,1,1,1,1,1,1,1,1,1,1,1,1,1,1,1,1
/home/sobhan_hosseini/datasets/mvtec/hazelnut/train/good/248.png,0,,good,train,1,0,1,1,0,1,0,1,1,1,1,1,1,1,1,1,1,1,1,1,1,1,1,1,1,1,1,1,1,1,1,1,1,1,1,1
/home/sobhan_hosseini/datasets/mvtec/hazelnut/train/good/249.png,0,,good,train,1,1,1,1,1,1,1,1,0,0,0,0,0,1,1,1,1,1,1,1,1,1,1,1,1,1,1,1,1,1,1,1,1,1,1,1
/home/sobhan_hosseini/datasets/mvtec/hazelnut/train/good/250.png,0,,good,train,1,1,1,1,1,1,1,1,0,0,0,0,0,1,1,1,1,1,1,1,1,1,1,1,1,1,1,1,1,1,1,1,1,1,1,1
/home/sobhan_hosseini/datasets/mvtec/hazelnut/train/good/251.png,0,,good,train,1,1,1,1,0,1,1,1,0,0,0,0,0,1,1,1,1,1,1,1,1,1,1,1,1,1,1,1,1,1,1,1,1,1,1,1
/home/sobhan_hosseini/datasets/mvtec/hazelnut/train/good/252.png,0,,good,train,1,0,1,1,0,1,1,1,1,1,1,1,0,1,1,1,1,1,1,1,1,1,1,1,1,1,1,1,1,1,1,1,1,1,1,1
/home/sobhan_hosseini/datasets/mvtec/hazelnut/train/good/253.png,0,,good,test,1,1,1,1,1,1,1,1,0,0,0,0,0,1,1,1,1,1,1,1,1,1,1,1,1,1,1,1,1,1,1,1,1,1,1,1
/home/sobhan_hosseini/datasets/mvtec/hazelnut/train/good/254.png,0,,good,val,1,1,1,1,1,1,1,1,1,0,0,0,0,1,1,1,1,1,1,1,1,1,1,1,1,1,1,1,1,1,1,1,1,1,1,1
/home/sobhan_hosseini/datasets/mvtec/hazelnut/train/good/255.png,0,,good,train,1,1,1,1,0,1,1,1,0,1,0,1,1,1,1,1,1,1,1,1,1,1,1,1,1,1,1,1,1,1,1,1,1,1,1,1
/home/sobhan_hosseini/datasets/mvtec/hazelnut/train/good/256.png,0,,good,train,1,1,1,1,1,1,1,1,0,0,0,0,0,1,1,1,1,1,1,1,1,1,1,1,1,1,1,1,1,1,1,1,1,1,1,1
/home/sobhan_hosseini/datasets/mvtec/hazelnut/train/good/257.png,0,,good,val,1,1,1,1,1,1,1,1,1,0,0,0,0,1,1,1,1,1,1,1,1,1,1,1,1,1,1,1,1,1,1,1,1,1,1,1
/home/sobhan_hosseini/datasets/mvtec/hazelnut/train/good/258.png,0,,good,train,1,1,1,1,0,1,1,1,0,1,0,0,0,1,1,1,1,1,1,1,1,1,1,1,1,1,1,1,1,1,1,1,1,1,1,1
/home/sobhan_hosseini/datasets/mvtec/hazelnut/train/good/259.png,0,,good,train,1,1,1,1,0,1,1,1,1,1,1,1,1,1,1,1,1,1,1,1,1,1,1,1,1,1,1,1,1,1,1,1,1,1,1,1
/home/sobhan_hosseini/datasets/mvtec/hazelnut/train/good/260.png,0,,good,train,1,1,1,1,1,1,1,1,0,0,0,0,0,1,1,1,1,1,1,1,1,1,1,1,1,1,1,1,1,1,1,1,1,1,1,1
/home/sobhan_hosseini/datasets/mvtec/hazelnut/train/good/261.png,0,,good,train,1,1,1,1,0,1,1,1,1,1,0,1,1,1,1,1,1,1,1,1,1,1,1,1,1,1,1,1,1,1,1,1,1,1,1,1
/home/sobhan_hosseini/datasets/mvtec/hazelnut/train/good/262.png,0,,good,train,1,1,1,1,0,1,1,1,1,0,0,0,0,1,1,1,1,1,1,1,1,1,1,1,1,1,1,1,1,1,1,1,1,1,1,1
/home/sobhan_hosseini/datasets/mvtec/hazelnut/train/good/263.png,0,,good,val,1,1,1,1,0,1,1,1,0,0,0,0,0,1,1,1,1,1,1,1,1,1,1,1,1,1,1,1,1,1,1,1,1,1,1,1
/home/sobhan_hosseini/datasets/mvtec/hazelnut/train/good/264.png,0,,good,train,1,1,1,1,1,1,1,1,0,0,0,0,0,1,1,1,1,1,1,1,1,1,1,1,1,1,1,1,1,1,1,1,1,1,1,1
/home/sobhan_hosseini/datasets/mvtec/hazelnut/train/good/265.png,0,,good,train,1,1,1,1,1,1,1,1,0,0,0,0,0,1,1,1,1,1,1,1,1,1,1,1,1,1,1,1,1,1,1,1,1,1,1,1
/home/sobhan_hosseini/datasets/mvtec/hazelnut/train/good/266.png,0,,good,train,1,1,1,1,1,1,1,1,0,0,0,0,0,1,1,1,1,1,1,1,1,1,1,1,1,1,1,1,1,1,1,1,1,1,1,1
/home/sobhan_hosseini/datasets/mvtec/hazelnut/train/good/267.png,0,,good,train,1,1,1,1,0,1,1,1,0,0,0,0,0,1,1,1,1,1,1,1,1,1,1,1,1,1,1,1,1,1,1,1,1,1,1,1
/home/sobhan_hosseini/datasets/mvtec/hazelnut/train/good/268.png,0,,good,train,1,1,1,1,1,1,1,1,0,1,0,1,0,1,1,1,1,1,1,1,1,1,1,1,1,1,1,1,1,1,1,1,1,1,1,1
/home/sobhan_hosseini/datasets/mvtec/hazelnut/train/good/269.png,0,,good,train,1,0,1,1,0,1,1,1,1,1,1,1,0,1,1,1,1,1,1,1,1,1,1,1,1,1,1,1,1,1,1,1,1,1,1,1
/home/sobhan_hosseini/datasets/mvtec/hazelnut/train/good/270.png,0,,good,train,1,1,1,1,1,1,1,1,1,0,0,0,0,1,1,1,1,1,1,1,1,1,1,1,1,1,1,1,1,1,1,1,1,1,1,1
/home/sobhan_hosseini/datasets/mvtec/hazelnut/train/good/271.png,0,,good,train,1,1,1,1,1,1,1,1,1,1,0,1,0,1,1,1,1,1,1,1,1,1,1,1,1,1,1,1,1,1,1,1,1,1,1,1
/home/sobhan_hosseini/datasets/mvtec/hazelnut/train/good/272.png,0,,good,train,1,1,1,1,1,1,1,1,0,0,0,0,0,1,1,1,1,1,1,1,1,1,1,1,1,1,1,1,1,1,1,1,1,1,1,1
/home/sobhan_hosseini/datasets/mvtec/hazelnut/train/good/273.png,0,,good,train,1,1,1,1,1,1,1,1,0,0,0,0,0,1,1,1,1,1,1,1,1,1,1,1,1,1,1,1,1,1,1,1,1,1,1,1
/home/sobhan_hosseini/datasets/mvtec/hazelnut/train/good/274.png,0,,good,train,1,1,1,1,0,1,1,1,1,1,0,1,1,1,1,1,1,1,1,1,1,1,1,1,1,1,1,1,1,1,1,1,1,1,1,1
/home/sobhan_hosseini/datasets/mvtec/hazelnut/train/good/275.png,0,,good,train,1,1,1,1,0,1,1,1,0,1,0,1,0,1,1,1,1,1,1,1,1,1,1,1,1,1,1,1,1,1,1,1,1,1,1,1
/home/sobhan_hosseini/datasets/mvtec/hazelnut/train/good/276.png,0,,good,train,1,1,1,1,0,1,1,1,1,1,0,1,0,1,1,1,1,1,1,1,1,1,1,1,1,1,1,1,1,1,1,1,1,1,1,1
/home/sobhan_hosseini/datasets/mvtec/hazelnut/train/good/277.png,0,,good,train,1,1,1,1,0,1,1,1,1,1,0,1,0,1,1,1,1,1,1,1,1,1,1,1,1,1,1,1,1,1,1,1,1,1,1,1
/home/sobhan_hosseini/datasets/mvtec/hazelnut/train/good/278.png,0,,good,test,1,1,1,1,1,1,1,1,0,0,0,0,0,1,1,1,1,1,1,1,1,1,1,1,1,1,1,1,1,1,1,1,1,1,1,1
/home/sobhan_hosseini/datasets/mvtec/hazelnut/train/good/279.png,0,,good,train,1,1,1,1,0,1,1,1,0,1,0,0,0,1,1,1,1,1,1,1,1,1,1,1,1,1,1,1,1,1,1,1,1,1,1,1
/home/sobhan_hosseini/datasets/mvtec/hazelnut/train/good/280.png,0,,good,train,1,1,1,1,0,1,1,1,1,1,0,1,0,1,1,1,1,1,1,1,1,1,1,1,1,1,1,1,1,1,1,1,1,1,1,1
/home/sobhan_hosseini/datasets/mvtec/hazelnut/train/good/281.png,0,,good,train,1,1,1,1,0,1,1,1,1,1,0,1,0,1,1,1,1,1,1,1,1,1,1,1,1,1,1,1,1,1,1,1,1,1,1,1
/home/sobhan_hosseini/datasets/mvtec/hazelnut/train/good/282.png,0,,good,train,1,1,1,1,0,1,1,1,1,1,0,1,1,1,1,1,1,1,1,1,1,1,1,1,1,1,1,1,1,1,1,1,1,1,1,1
/home/sobhan_hosseini/datasets/mvtec/hazelnut/train/good/283.png,0,,good,train,1,1,1,1,1,1,1,1,1,0,0,1,0,1,1,1,1,1,1,1,1,1,1,1,1,1,1,1,1,1,1,1,1,1,1,1
/home/sobhan_hosseini/datasets/mvtec/hazelnut/train/good/284.png,0,,good,train,1,1,1,1,1,1,1,1,0,0,0,0,0,1,1,1,1,1,1,1,1,1,1,1,1,1,1,1,1,1,1,1,1,1,1,1
/home/sobhan_hosseini/datasets/mvtec/hazelnut/train/good/285.png,0,,good,train,1,1,1,1,0,1,1,1,0,1,1,1,1,1,1,1,1,1,1,1,1,1,1,1,1,1,1,1,1,1,1,1,1,1,1,1
/home/sobhan_hosseini/datasets/mvtec/hazelnut/train/good/286.png,0,,good,train,1,1,1,1,0,1,1,1,0,0,0,0,0,1,1,1,1,1,1,1,1,1,1,1,1,1,1,1,1,1,1,1,1,1,1,1
/home/sobhan_hosseini/datasets/mvtec/hazelnut/train/good/287.png,0,,good,train,1,1,1,1,1,1,1,1,0,0,0,0,0,1,1,1,1,1,1,1,1,1,1,1,1,1,1,1,1,1,1,1,1,1,1,1
/home/sobhan_hosseini/datasets/mvtec/hazelnut/train/good/288.png,0,,good,train,1,1,1,1,0,1,1,1,1,0,0,0,0,1,1,1,1,1,1,1,1,1,1,1,1,1,1,1,1,1,1,1,1,1,1,1
/home/sobhan_hosseini/datasets/mvtec/hazelnut/train/good/289.png,0,,good,train,1,1,1,1,1,1,1,1,0,1,0,0,0,1,1,1,1,1,1,1,1,1,1,1,1,1,1,1,1,1,1,1,1,1,1,1
/home/sobhan_hosseini/datasets/mvtec/hazelnut/train/good/290.png,0,,good,train,1,1,1,1,1,1,1,1,1,0,0,0,0,1,1,1,1,1,1,1,1,1,1,1,1,1,1,1,1,1,1,1,1,1,1,1
/home/sobhan_hosseini/datasets/mvtec/hazelnut/train/good/291.png,0,,good,val,1,1,1,1,1,1,1,1,1,0,1,1,0,1,1,1,1,1,1,1,1,1,1,1,1,1,1,1,1,1,1,1,1,1,1,1
/home/sobhan_hosseini/datasets/mvtec/hazelnut/train/good/292.png,0,,good,val,1,1,1,1,0,1,1,1,1,0,0,0,0,1,1,1,1,1,1,1,1,1,1,1,1,1,1,1,1,1,1,1,1,1,1,1
/home/sobhan_hosseini/datasets/mvtec/hazelnut/train/good/293.png,0,,good,val,1,1,1,1,1,1,1,1,0,1,0,1,0,1,1,1,1,1,1,1,1,1,1,1,1,1,1,1,1,1,1,1,1,1,1,1
/home/sobhan_hosseini/datasets/mvtec/hazelnut/train/good/294.png,0,,good,train,1,1,1,1,1,1,1,1,0,1,0,1,0,1,1,1,1,1,1,1,1,1,1,1,1,1,1,1,1,1,1,1,1,1,1,1
/home/sobhan_hosseini/datasets/mvtec/hazelnut/train/good/295.png,0,,good,train,1,1,1,1,0,1,1,1,0,1,0,1,0,1,1,1,1,1,1,1,1,1,1,1,1,1,1,1,1,1,1,1,1,1,1,1
/home/sobhan_hosseini/datasets/mvtec/hazelnut/train/good/296.png,0,,good,val,1,1,1,1,0,1,1,1,0,0,0,0,0,1,1,1,1,1,1,1,1,1,1,1,1,1,1,1,1,1,1,1,1,1,1,1
/home/sobhan_hosseini/datasets/mvtec/hazelnut/train/good/297.png,0,,good,train,1,0,1,1,0,1,0,1,1,1,1,1,0,1,1,1,1,1,1,1,1,1,1,1,1,1,1,1,1,1,1,1,1,1,1,1
/home/sobhan_hosseini/datasets/mvtec/hazelnut/train/good/298.png,0,,good,train,1,1,1,1,1,1,1,1,0,0,0,1,0,1,1,1,1,1,1,1,1,1,1,1,1,1,1,1,1,1,1,1,1,1,1,1
/home/sobhan_hosseini/datasets/mvtec/hazelnut/train/good/299.png,0,,good,train,1,1,1,1,0,1,1,1,1,1,1,1,1,1,1,1,1,1,1,1,1,1,1,1,1,1,1,1,1,1,1,1,1,1,1,1
/home/sobhan_hosseini/datasets/mvtec/hazelnut/train/good/300.png,0,,good,test,1,1,1,1,0,1,1,1,1,1,0,1,1,1,1,1,1,1,1,1,1,1,1,1,1,1,1,1,1,1,1,1,1,1,1,1
/home/sobhan_hosseini/datasets/mvtec/hazelnut/train/good/301.png,0,,good,train,1,1,1,1,1,1,1,1,0,0,0,0,0,1,1,1,1,1,1,1,1,1,1,1,1,1,1,1,1,1,1,1,1,1,1,1
/home/sobhan_hosseini/datasets/mvtec/hazelnut/train/good/302.png,0,,good,train,1,1,1,1,0,1,1,1,0,1,0,0,0,1,1,1,1,1,1,1,1,1,1,1,1,1,1,1,1,1,1,1,1,1,1,1
/home/sobhan_hosseini/datasets/mvtec/hazelnut/train/good/303.png,0,,good,train,1,1,1,1,1,1,1,1,0,0,0,0,0,1,1,1,1,1,1,1,1,1,1,1,1,1,1,1,1,1,1,1,1,1,1,1
/home/sobhan_hosseini/datasets/mvtec/hazelnut/train/good/304.png,0,,good,val,1,1,1,1,1,1,1,1,1,1,1,1,0,1,1,1,1,1,1,1,1,1,1,1,1,1,1,1,1,1,1,1,1,1,1,1
/home/sobhan_hosseini/datasets/mvtec/hazelnut/train/good/305.png,0,,good,train,1,1,1,1,0,1,1,1,0,0,0,0,0,1,1,1,1,1,1,1,1,1,1,1,1,1,1,1,1,1,1,1,1,1,1,1
/home/sobhan_hosseini/datasets/mvtec/hazelnut/train/good/306.png,0,,good,train,1,1,1,1,0,1,1,1,1,1,1,1,1,1,1,1,1,1,1,1,1,1,1,1,1,1,1,1,1,1,1,1,1,1,1,1
/home/sobhan_hosseini/datasets/mvtec/hazelnut/train/good/307.png,0,,good,train,1,1,1,1,0,0,1,1,1,0,0,0,0,1,1,1,1,1,1,1,1,1,1,1,1,1,1,1,1,1,1,1,1,1,1,1
/home/sobhan_hosseini/datasets/mvtec/hazelnut/train/good/308.png,0,,good,train,1,1,1,1,0,1,1,1,0,0,0,1,0,1,1,1,1,1,1,1,1,1,1,1,1,1,1,1,1,1,1,1,1,1,1,1
/home/sobhan_hosseini/datasets/mvtec/hazelnut/train/good/309.png,0,,good,train,1,1,1,1,0,1,1,1,1,0,0,1,0,1,1,1,1,1,1,1,1,1,1,1,1,1,1,1,1,1,1,1,1,1,1,1
/home/sobhan_hosseini/datasets/mvtec/hazelnut/train/good/310.png,0,,good,train,1,1,1,1,1,1,1,1,0,0,0,1,0,1,1,1,1,1,1,1,1,1,1,1,1,1,1,1,1,1,1,1,1,1,1,1
/home/sobhan_hosseini/datasets/mvtec/hazelnut/train/good/311.png,0,,good,train,1,1,1,1,0,0,1,1,1,1,0,1,1,1,1,1,1,1,1,1,1,1,1,1,1,1,1,1,1,1,1,1,1,1,1,1
/home/sobhan_hosseini/datasets/mvtec/hazelnut/train/good/312.png,0,,good,test,1,1,1,1,0,1,1,1,1,1,0,1,0,1,1,1,1,1,1,1,1,1,1,1,1,1,1,1,1,1,1,1,1,1,1,1
/home/sobhan_hosseini/datasets/mvtec/hazelnut/train/good/313.png,0,,good,train,1,1,1,1,0,0,1,1,1,1,1,1,1,1,1,1,1,1,1,1,1,1,1,1,1,1,1,1,1,1,1,1,1,1,1,1
/home/sobhan_hosseini/datasets/mvtec/hazelnut/train/good/314.png,0,,good,train,1,1,1,1,0,0,1,1,1,1,0,1,1,1,1,1,1,1,1,1,1,1,1,1,1,1,1,1,1,1,1,1,1,1,1,1
/home/sobhan_hosseini/datasets/mvtec/hazelnut/train/good/315.png,0,,good,train,1,1,1,1,0,1,1,1,0,0,0,0,0,1,1,1,1,1,1,1,1,1,1,1,1,1,1,1,1,1,1,1,1,1,1,1
/home/sobhan_hosseini/datasets/mvtec/hazelnut/train/good/316.png,0,,good,train,1,1,1,1,1,1,1,1,0,0,0,0,0,1,1,1,1,1,1,1,1,1,1,1,1,1,1,1,1,1,1,1,1,1,1,1
/home/sobhan_hosseini/datasets/mvtec/hazelnut/train/good/317.png,0,,good,train,1,1,1,1,0,1,1,1,0,1,0,1,0,1,1,1,1,1,1,1,1,1,1,1,1,1,1,1,1,1,1,1,1,1,1,1
/home/sobhan_hosseini/datasets/mvtec/hazelnut/train/good/318.png,0,,good,train,1,1,1,1,0,0,1,1,1,1,1,1,0,1,1,1,1,1,1,1,1,1,1,1,1,1,1,1,1,1,1,1,1,1,1,1
/home/sobhan_hosseini/datasets/mvtec/hazelnut/train/good/319.png,0,,good,train,1,1,1,1,1,1,1,1,0,1,0,1,0,1,1,1,1,1,1,1,1,1,1,1,1,1,1,1,1,1,1,1,1,1,1,1
/home/sobhan_hosseini/datasets/mvtec/hazelnut/train/good/320.png,0,,good,train,1,1,1,1,0,1,1,1,0,1,0,1,0,1,1,1,1,1,1,1,1,1,1,1,1,1,1,1,1,1,1,1,1,1,1,1
/home/sobhan_hosseini/datasets/mvtec/hazelnut/train/good/321.png,0,,good,train,1,1,1,1,0,0,1,1,1,1,0,1,0,1,1,1,1,1,1,1,1,1,1,1,1,1,1,1,1,1,1,1,1,1,1,1
/home/sobhan_hosseini/datasets/mvtec/hazelnut/train/good/322.png,0,,good,test,1,1,1,1,1,1,1,1,0,0,0,0,0,1,1,1,1,1,1,1,1,1,1,1,1,1,1,1,1,1,1,1,1,1,1,1
/home/sobhan_hosseini/datasets/mvtec/hazelnut/train/good/323.png,0,,good,test,1,1,1,1,0,1,1,1,1,1,1,1,0,1,1,1,1,1,1,1,1,1,1,1,1,1,1,1,1,1,1,1,1,1,1,1
/home/sobhan_hosseini/datasets/mvtec/hazelnut/train/good/324.png,0,,good,train,1,1,1,1,0,1,1,1,1,1,1,1,0,1,1,1,1,1,1,1,1,1,1,1,1,1,1,1,1,1,1,1,1,1,1,1
/home/sobhan_hosseini/datasets/mvtec/hazelnut/train/good/325.png,0,,good,train,1,1,1,1,0,0,1,1,0,1,0,1,0,1,1,1,1,1,1,1,1,1,1,1,1,1,1,1,1,1,1,1,1,1,1,1
/home/sobhan_hosseini/datasets/mvtec/hazelnut/train/good/326.png,0,,good,train,1,0,1,1,0,0,0,1,1,1,1,1,1,1,1,1,1,1,1,1,1,1,1,1,1,1,1,1,1,1,1,1,1,1,1,1
/home/sobhan_hosseini/datasets/mvtec/hazelnut/train/good/327.png,0,,good,train,1,1,1,1,0,1,1,1,0,0,0,0,0,1,1,1,1,1,1,1,1,1,1,1,1,1,1,1,1,1,1,1,1,1,1,1
/home/sobhan_hosseini/datasets/mvtec/hazelnut/train/good/328.png,0,,good,train,1,1,1,1,0,1,1,1,1,1,1,1,1,1,1,1,1,1,1,1,1,1,1,1,1,1,1,1,1,1,1,1,1,1,1,1
/home/sobhan_hosseini/datasets/mvtec/hazelnut/train/good/329.png,0,,good,train,1,1,1,1,0,1,1,1,1,1,0,1,0,1,1,1,1,1,1,1,1,1,1,1,1,1,1,1,1,1,1,1,1,1,1,1
/home/sobhan_hosseini/datasets/mvtec/hazelnut/train/good/330.png,0,,good,train,1,1,1,1,1,1,1,1,1,0,0,0,0,1,1,1,1,1,1,1,1,1,1,1,1,1,1,1,1,1,1,1,1,1,1,1
/home/sobhan_hosseini/datasets/mvtec/hazelnut/train/good/331.png,0,,good,train,1,1,1,1,0,1,1,1,0,0,0,1,0,1,1,1,1,1,1,1,1,1,1,1,1,1,1,1,1,1,1,1,1,1,1,1
/home/sobhan_hosseini/datasets/mvtec/hazelnut/train/good/332.png,0,,good,train,1,1,1,1,1,1,1,1,0,1,0,1,0,1,1,1,1,1,1,1,1,1,1,1,1,1,1,1,1,1,1,1,1,1,1,1
/home/sobhan_hosseini/datasets/mvtec/hazelnut/train/good/333.png,0,,good,val,1,1,1,1,0,1,0,1,0,1,0,1,0,1,1,1,1,1,1,1,1,1,1,1,1,1,1,1,1,1,1,1,1,1,1,1
/home/sobhan_hosseini/datasets/mvtec/hazelnut/train/good/334.png,0,,good,test,1,1,1,1,0,0,1,1,1,1,1,1,0,1,1,1,1,1,1,1,1,1,1,1,1,1,1,1,1,1,1,1,1,1,1,1
/home/sobhan_hosseini/datasets/mvtec/hazelnut/train/good/335.png,0,,good,train,1,1,1,1,0,1,1,1,1,1,1,1,1,1,1,1,1,1,1,1,1,1,1,1,1,1,1,1,1,1,1,1,1,1,1,1
/home/sobhan_hosseini/datasets/mvtec/hazelnut/train/good/336.png,0,,good,val,1,0,1,1,0,1,1,1,1,1,1,1,1,1,1,1,1,1,1,1,1,1,1,1,1,1,1,1,1,1,1,1,1,1,1,1
/home/sobhan_hosseini/datasets/mvtec/hazelnut/train/good/337.png,0,,good,train,1,1,1,1,0,1,1,1,0,1,0,1,0,1,1,1,1,1,1,1,1,1,1,1,1,1,1,1,1,1,1,1,1,1,1,1
/home/sobhan_hosseini/datasets/mvtec/hazelnut/train/good/338.png,0,,good,train,1,1,1,1,1,1,1,1,1,1,0,1,1,1,1,1,1,1,1,1,1,1,1,1,1,1,1,1,1,1,1,1,1,1,1,1
/home/sobhan_hosseini/datasets/mvtec/hazelnut/train/good/339.png,0,,good,train,1,1,1,1,1,1,1,1,1,1,1,1,1,1,1,1,1,1,1,1,1,1,1,1,1,1,1,1,1,1,1,1,1,1,1,1
/home/sobhan_hosseini/datasets/mvtec/hazelnut/train/good/340.png,0,,good,val,1,1,1,1,1,1,1,1,0,0,0,0,0,1,1,1,1,1,1,1,1,1,1,1,1,1,1,1,1,1,1,1,1,1,1,1
/home/sobhan_hosseini/datasets/mvtec/hazelnut/train/good/341.png,0,,good,train,1,1,1,1,1,1,1,1,0,0,0,0,0,1,1,1,1,1,1,1,1,1,1,1,1,1,1,1,1,1,1,1,1,1,1,1
/home/sobhan_hosseini/datasets/mvtec/hazelnut/train/good/342.png,0,,good,train,1,1,1,1,0,1,1,1,1,1,0,1,1,1,1,1,1,1,1,1,1,1,1,1,1,1,1,1,1,1,1,1,1,1,1,1
/home/sobhan_hosseini/datasets/mvtec/hazelnut/train/good/343.png,0,,good,train,1,1,1,1,0,0,1,1,1,1,0,1,1,1,1,1,1,1,1,1,1,1,1,1,1,1,1,1,1,1,1,1,1,1,1,1
/home/sobhan_hosseini/datasets/mvtec/hazelnut/train/good/344.png,0,,good,train,1,1,1,1,0,1,1,1,1,1,0,1,1,1,1,1,1,1,1,1,1,1,1,1,1,1,1,1,1,1,1,1,1,1,1,1
/home/sobhan_hosseini/datasets/mvtec/hazelnut/train/good/345.png,0,,good,train,1,1,1,1,0,1,1,1,1,1,0,1,0,1,1,1,1,1,1,1,1,1,1,1,1,1,1,1,1,1,1,1,1,1,1,1
/home/sobhan_hosseini/datasets/mvtec/hazelnut/train/good/346.png,0,,good,train,1,1,1,1,0,1,1,1,0,0,0,0,0,1,1,1,1,1,1,1,1,1,1,1,1,1,1,1,1,1,1,1,1,1,1,1
/home/sobhan_hosseini/datasets/mvtec/hazelnut/train/good/347.png,0,,good,test,1,1,1,1,0,1,1,1,0,1,0,1,0,1,1,1,1,1,1,1,1,1,1,1,1,1,1,1,1,1,1,1,1,1,1,1
/home/sobhan_hosseini/datasets/mvtec/hazelnut/train/good/348.png,0,,good,train,1,0,1,1,0,1,1,1,1,1,1,1,0,1,1,1,1,1,1,1,1,1,1,1,1,1,1,1,1,1,1,1,1,1,1,1
/home/sobhan_hosseini/datasets/mvtec/hazelnut/train/good/349.png,0,,good,train,1,1,1,1,0,0,1,1,1,1,0,1,1,1,1,1,1,1,1,1,1,1,1,1,1,1,1,1,1,1,1,1,1,1,1,1
/home/sobhan_hosseini/datasets/mvtec/hazelnut/train/good/350.png,0,,good,train,1,1,1,1,1,1,1,1,0,0,0,0,0,1,1,1,1,1,1,1,1,1,1,1,1,1,1,1,1,1,1,1,1,1,1,1
/home/sobhan_hosseini/datasets/mvtec/hazelnut/train/good/351.png,0,,good,train,1,0,1,1,0,0,1,1,1,1,1,1,1,1,1,1,1,1,1,1,1,1,1,1,1,1,1,1,1,1,1,1,1,1,1,1
/home/sobhan_hosseini/datasets/mvtec/hazelnut/train/good/352.png,0,,good,train,1,1,1,1,0,1,1,1,0,1,0,0,0,1,1,1,1,1,1,1,1,1,1,1,1,1,1,1,1,1,1,1,1,1,1,1
/home/sobhan_hosseini/datasets/mvtec/hazelnut/train/good/353.png,0,,good,train,1,1,1,1,0,1,1,1,1,1,1,1,0,1,1,1,1,1,1,1,1,1,1,1,1,1,1,1,1,1,1,1,1,1,1,1
/home/sobhan_hosseini/datasets/mvtec/hazelnut/train/good/354.png,0,,good,train,1,1,1,1,1,1,1,1,1,0,0,0,0,1,1,1,1,1,1,1,1,1,1,1,1,1,1,1,1,1,1,1,1,1,1,1
/home/sobhan_hosseini/datasets/mvtec/hazelnut/train/good/355.png,0,,good,train,1,1,1,1,0,1,1,1,1,1,1,1,1,1,1,1,1,1,1,1,1,1,1,1,1,1,1,1,1,1,1,1,1,1,1,1
/home/sobhan_hosseini/datasets/mvtec/hazelnut/train/good/356.png,0,,good,train,1,1,1,1,0,1,1,1,0,1,0,1,0,1,1,1,1,1,1,1,1,1,1,1,1,1,1,1,1,1,1,1,1,1,1,1
/home/sobhan_hosseini/datasets/mvtec/hazelnut/train/good/357.png,0,,good,train,1,1,1,1,1,1,1,1,0,0,0,0,0,1,1,1,1,1,1,1,1,1,1,1,1,1,1,1,1,1,1,1,1,1,1,1
/home/sobhan_hosseini/datasets/mvtec/hazelnut/train/good/358.png,0,,good,train,1,1,1,1,0,1,1,1,0,0,0,0,0,1,1,1,1,1,1,1,1,1,1,1,1,1,1,1,1,1,1,1,1,1,1,1
/home/sobhan_hosseini/datasets/mvtec/hazelnut/train/good/359.png,0,,good,train,1,1,1,1,1,1,1,1,1,0,0,0,0,1,1,1,1,1,1,1,1,1,1,1,1,1,1,1,1,1,1,1,1,1,1,1
/home/sobhan_hosseini/datasets/mvtec/hazelnut/train/good/360.png,0,,good,train,1,1,1,1,1,1,1,1,0,0,0,0,0,1,1,1,1,1,1,1,1,1,1,1,1,1,1,1,1,1,1,1,1,1,1,1
/home/sobhan_hosseini/datasets/mvtec/hazelnut/train/good/361.png,0,,good,train,1,1,1,1,0,1,1,1,1,1,0,0,0,1,1,1,1,1,1,1,1,1,1,1,1,1,1,1,1,1,1,1,1,1,1,1
/home/sobhan_hosseini/datasets/mvtec/hazelnut/train/good/362.png,0,,good,train,1,1,1,1,0,1,1,1,1,1,0,1,1,1,1,1,1,1,1,1,1,1,1,1,1,1,1,1,1,1,1,1,1,1,1,1
/home/sobhan_hosseini/datasets/mvtec/hazelnut/train/good/363.png,0,,good,train,1,1,1,1,1,1,1,1,0,0,0,0,0,1,1,1,1,1,1,1,1,1,1,1,1,1,1,1,1,1,1,1,1,1,1,1
/home/sobhan_hosseini/datasets/mvtec/hazelnut/train/good/364.png,0,,good,train,1,0,1,1,0,1,0,1,1,1,1,1,0,1,1,1,1,1,1,1,1,1,1,1,1,1,1,1,1,1,1,1,1,1,1,1
/home/sobhan_hosseini/datasets/mvtec/hazelnut/train/good/365.png,0,,good,train,1,1,1,1,1,1,1,1,0,0,0,0,0,1,1,1,1,1,1,1,1,1,1,1,1,1,1,1,1,1,1,1,1,1,1,1
/home/sobhan_hosseini/datasets/mvtec/hazelnut/train/good/366.png,0,,good,train,1,1,1,1,0,1,1,1,1,1,1,1,0,1,1,1,1,1,1,1,1,1,1,1,1,1,1,1,1,1,1,1,1,1,1,1
/home/sobhan_hosseini/datasets/mvtec/hazelnut/train/good/367.png,0,,good,train,1,1,1,1,1,1,1,1,0,0,0,0,0,1,1,1,1,1,1,1,1,1,1,1,1,1,1,1,1,1,1,1,1,1,1,1
/home/sobhan_hosseini/datasets/mvtec/hazelnut/train/good/368.png,0,,good,val,1,1,1,1,0,1,1,1,1,1,1,1,0,1,1,1,1,1,1,1,1,1,1,1,1,1,1,1,1,1,1,1,1,1,1,1
/home/sobhan_hosseini/datasets/mvtec/hazelnut/train/good/369.png,0,,good,train,1,1,1,1,1,1,1,1,0,0,0,0,0,1,1,1,1,1,1,1,1,1,1,1,1,1,1,1,1,1,1,1,1,1,1,1
/home/sobhan_hosseini/datasets/mvtec/hazelnut/train/good/370.png,0,,good,train,1,1,1,1,0,1,1,1,1,1,0,1,1,1,1,1,1,1,1,1,1,1,1,1,1,1,1,1,1,1,1,1,1,1,1,1
/home/sobhan_hosseini/datasets/mvtec/hazelnut/train/good/371.png,0,,good,train,1,1,1,1,0,1,1,1,1,1,0,1,1,1,1,1,1,1,1,1,1,1,1,1,1,1,1,1,1,1,1,1,1,1,1,1
/home/sobhan_hosseini/datasets/mvtec/hazelnut/train/good/372.png,0,,good,val,1,1,1,1,0,1,1,1,1,1,0,1,1,1,1,1,1,1,1,1,1,1,1,1,1,1,1,1,1,1,1,1,1,1,1,1
/home/sobhan_hosseini/datasets/mvtec/hazelnut/train/good/373.png,0,,good,train,1,1,1,1,1,1,1,1,0,0,0,0,0,1,1,1,1,1,1,1,1,1,1,1,1,1,1,1,1,1,1,1,1,1,1,1
/home/sobhan_hosseini/datasets/mvtec/hazelnut/train/good/374.png,0,,good,test,1,1,1,1,0,0,1,1,1,1,0,1,1,1,1,1,1,1,1,1,1,1,1,1,1,1,1,1,1,1,1,1,1,1,1,1
/home/sobhan_hosseini/datasets/mvtec/hazelnut/train/good/375.png,0,,good,train,1,0,1,1,0,1,1,1,1,1,1,1,1,1,1,1,1,1,1,1,1,1,1,1,1,1,1,1,1,1,1,1,1,1,1,1
/home/sobhan_hosseini/datasets/mvtec/hazelnut/train/good/376.png,0,,good,train,1,0,1,1,1,1,0,1,1,1,1,1,0,1,1,1,1,1,1,1,1,1,1,1,1,1,1,1,1,1,1,1,1,1,1,1
/home/sobhan_hosseini/datasets/mvtec/hazelnut/train/good/377.png,0,,good,train,1,0,1,1,0,1,0,1,1,1,1,1,1,1,1,1,1,1,1,1,1,1,1,1,1,1,1,1,1,1,1,1,1,1,1,1
/home/sobhan_hosseini/datasets/mvtec/hazelnut/train/good/378.png,0,,good,train,1,1,1,1,0,1,1,1,1,1,1,1,0,1,1,1,1,1,1,1,1,1,1,1,1,1,1,1,1,1,1,1,1,1,1,1
/home/sobhan_hosseini/datasets/mvtec/hazelnut/train/good/379.png,0,,good,train,1,0,1,1,0,0,1,1,1,1,1,1,0,1,1,1,1,1,1,1,1,1,1,1,1,1,1,1,1,1,1,1,1,1,1,1
/home/sobhan_hosseini/datasets/mvtec/hazelnut/train/good/380.png,0,,good,train,1,1,1,1,1,1,1,1,1,0,0,1,0,1,1,1,1,1,1,1,1,1,1,1,1,1,1,1,1,1,1,1,1,1,1,1
/home/sobhan_hosseini/datasets/mvtec/hazelnut/train/good/381.png,0,,good,train,1,1,1,1,0,1,1,1,0,1,0,0,0,1,1,1,1,1,1,1,1,1,1,1,1,1,1,1,1,1,1,1,1,1,1,1
/home/sobhan_hosseini/datasets/mvtec/hazelnut/train/good/382.png,0,,good,train,1,1,1,1,0,1,1,1,1,1,0,1,1,1,1,1,1,1,1,1,1,1,1,1,1,1,1,1,1,1,1,1,1,1,1,1
/home/sobhan_hosseini/datasets/mvtec/hazelnut/train/good/383.png,0,,good,train,1,1,1,1,1,1,1,1,0,0,0,0,0,1,1,1,1,1,1,1,1,1,1,1,1,1,1,1,1,1,1,1,1,1,1,1
/home/sobhan_hosseini/datasets/mvtec/hazelnut/train/good/384.png,0,,good,test,1,1,1,1,1,1,1,1,0,0,0,0,0,1,1,1,1,1,1,1,1,1,1,1,1,1,1,1,1,1,1,1,1,1,1,1
/home/sobhan_hosseini/datasets/mvtec/hazelnut/train/good/385.png,0,,good,train,1,0,1,1,0,1,1,1,1,1,1,1,0,1,1,1,1,1,1,1,1,1,1,1,1,1,1,1,1,1,1,1,1,1,1,1
/home/sobhan_hosseini/datasets/mvtec/hazelnut/train/good/386.png,0,,good,train,1,1,1,1,1,1,1,1,0,0,0,0,0,1,1,1,1,1,1,1,1,1,1,1,1,1,1,1,1,1,1,1,1,1,1,1
/home/sobhan_hosseini/datasets/mvtec/hazelnut/train/good/387.png,0,,good,train,1,1,1,1,1,1,1,1,1,0,0,0,0,1,1,1,1,1,1,1,1,1,1,1,1,1,1,1,1,1,1,1,1,1,1,1
/home/sobhan_hosseini/datasets/mvtec/hazelnut/train/good/388.png,0,,good,train,1,1,1,1,0,1,1,1,1,1,0,1,0,1,1,1,1,1,1,1,1,1,1,1,1,1,1,1,1,1,1,1,1,1,1,1
/home/sobhan_hosseini/datasets/mvtec/hazelnut/train/good/389.png,0,,good,train,1,1,1,1,1,1,1,1,1,1,1,1,0,1,1,1,1,1,1,1,1,1,1,1,1,1,1,1,1,1,1,1,1,1,1,1
/home/sobhan_hosseini/datasets/mvtec/hazelnut/train/good/390.png,0,,good,train,1,1,1,1,0,1,1,1,1,0,0,0,0,1,1,1,1,1,1,1,1,1,1,1,1,1,1,1,1,1,1,1,1,1,1,1
/home/sobhan_hosseini/datasets/mvtec/hazelnut/test/good/000.png,0,,good,train,1,1,1,1,1,1,1,1,0,0,0,0,0,1,1,1,1,1,1,1,1,1,1,1,1,1,1,1,1,1,1,1,1,1,1,1
/home/sobhan_hosseini/datasets/mvtec/hazelnut/test/good/001.png,0,,good,train,1,0,1,1,0,1,1,1,1,1,1,1,0,1,1,1,1,1,1,1,1,1,1,1,1,1,1,1,1,1,1,1,1,1,1,1
/home/sobhan_hosseini/datasets/mvtec/hazelnut/test/good/002.png,0,,good,val,1,1,1,1,0,1,1,1,0,1,0,0,0,1,1,1,1,1,1,1,1,1,1,1,1,1,1,1,1,1,1,1,1,1,1,1
/home/sobhan_hosseini/datasets/mvtec/hazelnut/test/good/003.png,0,,good,train,1,1,1,1,0,1,1,1,1,1,1,1,0,1,1,1,1,1,1,1,1,1,1,1,1,1,1,1,1,1,1,1,1,1,1,1
/home/sobhan_hosseini/datasets/mvtec/hazelnut/test/good/004.png,0,,good,train,1,1,1,1,0,1,1,1,0,0,0,0,0,1,1,1,1,1,1,1,1,1,1,1,1,1,1,1,1,1,1,1,1,1,1,1
/home/sobhan_hosseini/datasets/mvtec/hazelnut/test/good/005.png,0,,good,train,1,1,1,0,1,1,1,1,0,0,0,0,0,1,1,1,1,1,1,1,1,1,1,1,1,1,1,1,1,1,1,1,1,1,1,1
/home/sobhan_hosseini/datasets/mvtec/hazelnut/test/good/006.png,0,,good,val,1,1,1,1,0,1,1,1,0,0,0,1,0,1,1,1,1,1,1,1,1,1,1,1,1,1,1,1,1,1,1,1,1,1,1,1
/home/sobhan_hosseini/datasets/mvtec/hazelnut/test/good/007.png,0,,good,val,1,1,1,0,1,1,1,1,0,0,0,0,0,1,1,1,1,1,1,1,1,1,1,1,1,1,1,1,1,1,1,1,1,1,1,1
/home/sobhan_hosseini/datasets/mvtec/hazelnut/test/good/008.png,0,,good,train,1,1,1,1,1,1,1,1,1,1,1,1,0,1,1,1,1,1,1,1,1,1,1,1,1,1,1,1,1,1,1,1,1,1,1,1
/home/sobhan_hosseini/datasets/mvtec/hazelnut/test/good/009.png,0,,good,train,1,1,1,1,0,1,1,1,1,1,0,1,1,1,1,1,1,1,1,1,1,1,1,1,1,1,1,1,1,1,1,1,1,1,1,1
/home/sobhan_hosseini/datasets/mvtec/hazelnut/test/good/010.png,0,,good,train,1,1,1,1,1,1,1,1,1,0,0,0,0,1,1,1,1,1,1,1,1,1,1,1,1,1,1,1,1,1,1,1,1,1,1,1
/home/sobhan_hosseini/datasets/mvtec/hazelnut/test/good/011.png,0,,good,train,1,1,1,1,1,1,1,1,0,0,0,0,0,1,1,1,1,1,1,1,1,1,1,1,1,1,1,1,1,1,1,1,1,1,1,1
/home/sobhan_hosseini/datasets/mvtec/hazelnut/test/good/012.png,0,,good,train,1,1,1,1,0,1,1,1,1,1,0,1,0,1,1,1,1,1,1,1,1,1,1,1,1,1,1,1,1,1,1,1,1,1,1,1
/home/sobhan_hosseini/datasets/mvtec/hazelnut/test/good/013.png,0,,good,test,1,0,1,1,0,1,1,1,1,1,1,1,0,1,1,1,1,1,1,1,1,1,1,1,1,1,1,1,1,1,1,1,1,1,1,1
/home/sobhan_hosseini/datasets/mvtec/hazelnut/test/good/014.png,0,,good,train,1,1,1,0,0,0,1,1,1,1,1,1,1,1,1,1,1,1,1,1,1,1,1,1,1,1,1,1,1,1,1,1,1,1,1,1
/home/sobhan_hosseini/datasets/mvtec/hazelnut/test/good/015.png,0,,good,train,1,1,1,1,0,0,1,1,1,1,0,1,1,1,1,1,1,1,1,1,1,1,1,1,1,1,1,1,1,1,1,1,1,1,1,1
/home/sobhan_hosseini/datasets/mvtec/hazelnut/test/good/016.png,0,,good,train,1,1,1,1,0,1,1,1,0,1,1,1,0,1,1,1,1,1,1,1,1,1,1,1,1,1,1,1,1,1,1,1,1,1,1,1
/home/sobhan_hosseini/datasets/mvtec/hazelnut/test/good/017.png,0,,good,test,1,1,1,1,1,1,1,1,0,0,0,0,0,1,1,1,1,1,1,1,1,1,1,1,1,1,1,1,1,1,1,1,1,1,1,1
/home/sobhan_hosseini/datasets/mvtec/hazelnut/test/good/018.png,0,,good,val,1,1,1,1,0,1,1,1,1,1,1,1,1,1,1,1,1,1,1,1,1,1,1,1,1,1,1,1,1,1,1,1,1,1,1,1
/home/sobhan_hosseini/datasets/mvtec/hazelnut/test/good/019.png,0,,good,train,1,1,1,1,0,1,1,1,1,0,0,0,0,1,1,1,1,1,1,1,1,1,1,1,1,1,1,1,1,1,1,1,1,1,1,1
/home/sobhan_hosseini/datasets/mvtec/hazelnut/test/good/020.png,0,,good,train,1,1,1,1,0,1,1,1,0,0,0,0,0,1,1,1,1,1,1,1,1,1,1,1,1,1,1,1,1,1,1,1,1,1,1,1
/home/sobhan_hosseini/datasets/mvtec/hazelnut/test/good/021.png,0,,good,train,1,1,1,1,0,1,1,1,0,1,0,0,0,1,1,1,1,1,1,1,1,1,1,1,1,1,1,1,1,1,1,1,1,1,1,1
/home/sobhan_hosseini/datasets/mvtec/hazelnut/test/good/022.png,0,,good,train,1,1,1,1,0,1,1,1,1,1,0,1,0,1,1,1,1,1,1,1,1,1,1,1,1,1,1,1,1,1,1,1,1,1,1,1
/home/sobhan_hosseini/datasets/mvtec/hazelnut/test/good/023.png,0,,good,train,1,1,1,1,1,1,1,1,0,1,0,1,0,1,1,1,1,1,1,1,1,1,1,1,1,1,1,1,1,1,1,1,1,1,1,1
/home/sobhan_hosseini/datasets/mvtec/hazelnut/test/good/024.png,0,,good,train,1,1,1,1,0,1,1,1,1,1,0,0,0,1,1,1,1,1,1,1,1,1,1,1,1,1,1,1,1,1,1,1,1,1,1,1
/home/sobhan_hosseini/datasets/mvtec/hazelnut/test/good/025.png,0,,good,test,1,0,1,1,0,1,1,1,1,1,1,1,0,1,1,1,1,1,1,1,1,1,1,1,1,1,1,1,1,1,1,1,1,1,1,1
/home/sobhan_hosseini/datasets/mvtec/hazelnut/test/good/026.png,0,,good,train,1,0,1,1,0,1,0,1,1,1,1,1,0,1,1,1,1,1,1,1,1,1,1,1,1,1,1,1,1,1,1,1,1,1,1,1
/home/sobhan_hosseini/datasets/mvtec/hazelnut/test/good/027.png,0,,good,train,1,1,1,1,0,1,1,1,1,1,0,1,0,1,1,1,1,1,1,1,1,1,1,1,1,1,1,1,1,1,1,1,1,1,1,1
/home/sobhan_hosseini/datasets/mvtec/hazelnut/test/good/028.png,0,,good,train,1,1,1,1,1,1,1,1,1,1,0,0,0,1,1,1,1,1,1,1,1,1,1,1,1,1,1,1,1,1,1,1,1,1,1,1
/home/sobhan_hosseini/datasets/mvtec/hazelnut/test/good/029.png,0,,good,val,1,1,1,1,1,1,1,1,1,1,0,1,1,1,1,1,1,1,1,1,1,1,1,1,1,1,1,1,1,1,1,1,1,1,1,1
/home/sobhan_hosseini/datasets/mvtec/hazelnut/test/good/030.png,0,,good,train,1,1,1,1,1,1,1,1,0,0,0,0,0,1,1,1,1,1,1,1,1,1,1,1,1,1,1,1,1,1,1,1,1,1,1,1
/home/sobhan_hosseini/datasets/mvtec/hazelnut/test/good/031.png,0,,good,train,1,1,1,1,0,1,1,1,1,1,0,1,0,1,1,1,1,1,1,1,1,1,1,1,1,1,1,1,1,1,1,1,1,1,1,1
/home/sobhan_hosseini/datasets/mvtec/hazelnut/test/good/032.png,0,,good,train,1,1,1,1,1,1,1,1,1,1,0,1,0,1,1,1,1,1,1,1,1,1,1,1,1,1,1,1,1,1,1,1,1,1,1,1
/home/sobhan_hosseini/datasets/mvtec/hazelnut/test/good/033.png,0,,good,train,1,1,1,1,1,1,1,1,0,0,0,0,0,1,1,1,1,1,1,1,1,1,1,1,1,1,1,1,1,1,1,1,1,1,1,1
/home/sobhan_hosseini/datasets/mvtec/hazelnut/test/good/034.png,0,,good,train,1,1,1,1,1,1,1,1,0,0,0,0,0,1,1,1,1,1,1,1,1,1,1,1,1,1,1,1,1,1,1,1,1,1,1,1
/home/sobhan_hosseini/datasets/mvtec/hazelnut/test/good/035.png,0,,good,val,1,1,1,1,1,1,1,1,0,0,0,0,0,1,1,1,1,1,1,1,1,1,1,1,1,1,1,1,1,1,1,1,1,1,1,1
/home/sobhan_hosseini/datasets/mvtec/hazelnut/test/good/036.png,0,,good,train,1,1,1,1,1,1,1,1,0,0,0,0,0,1,1,1,1,1,1,1,1,1,1,1,1,1,1,1,1,1,1,1,1,1,1,1
/home/sobhan_hosseini/datasets/mvtec/hazelnut/test/good/037.png,0,,good,train,1,1,1,1,0,1,1,1,0,0,0,0,1,1,1,1,1,1,1,1,1,1,1,1,1,1,1,1,1,1,1,1,1,1,1,1
/home/sobhan_hosseini/datasets/mvtec/hazelnut/test/good/038.png,0,,good,train,1,1,1,1,0,1,1,1,0,1,0,1,0,1,1,1,1,1,1,1,1,1,1,1,1,1,1,1,1,1,1,1,1,1,1,1
/home/sobhan_hosseini/datasets/mvtec/hazelnut/test/good/039.png,0,,good,train,1,1,1,1,1,1,1,1,0,0,0,0,0,1,1,1,1,1,1,1,1,1,1,1,1,1,1,1,1,1,1,1,1,1,1,1
/home/sobhan_hosseini/datasets/mvtec/hazelnut/test/crack/000.png,1,/home/sobhan_hosseini/datasets/mvtec/hazelnut/ground_truth/crack/000_mask.png,crack,train,1,0,1,1,1,1,0,1,1,1,1,1,1,1,0,0,0,0,0,0,0,0,0,0,0,0,0,0,0,0,0,0,0,0,0,0
/home/sobhan_hosseini/datasets/mvtec/hazelnut/test/crack/001.png,1,/home/sobhan_hosseini/datasets/mvtec/hazelnut/ground_truth/crack/001_mask.png,crack,train,0,0,0,0,0,0,0,0,0,0,0,0,0,0,0,0,0,0,0,0,0,0,0,0,0,0,0,0,0,0,0,0,0,0,0,0
/home/sobhan_hosseini/datasets/mvtec/hazelnut/test/crack/002.png,1,/home/sobhan_hosseini/datasets/mvtec/hazelnut/ground_truth/crack/002_mask.png,crack,train,0,0,0,0,0,0,0,0,0,0,0,0,0,0,0,0,0,0,0,0,0,0,0,0,0,0,0,0,0,0,0,0,0,0,0,0
/home/sobhan_hosseini/datasets/mvtec/hazelnut/test/crack/003.png,1,/home/sobhan_hosseini/datasets/mvtec/hazelnut/ground_truth/crack/003_mask.png,crack,train,1,0,1,1,1,1,0,1,1,0,1,1,1,1,0,0,0,0,0,0,0,0,0,0,0,0,0,0,0,0,0,0,0,0,0,0
/home/sobhan_hosseini/datasets/mvtec/hazelnut/test/crack/004.png,1,/home/sobhan_hosseini/datasets/mvtec/hazelnut/ground_truth/crack/004_mask.png,crack,train,1,0,1,1,0,0,0,1,1,1,1,1,1,0,1,0,0,0,0,0,0,0,0,0,0,0,0,0,0,0,0,0,0,0,0,0
/home/sobhan_hosseini/datasets/mvtec/hazelnut/test/crack/005.png,1,/home/sobhan_hosseini/datasets/mvtec/hazelnut/ground_truth/crack/005_mask.png,crack,train,1,0,1,1,1,1,0,1,1,1,1,1,0,1,0,0,0,0,0,0,0,0,0,0,0,0,0,0,0,0,0,0,0,0,0,0
/home/sobhan_hosseini/datasets/mvtec/hazelnut/test/crack/006.png,1,/home/sobhan_hosseini/datasets/mvtec/hazelnut/ground_truth/crack/006_mask.png,crack,train,1,0,1,1,0,0,0,1,1,0,1,1,0,0,0,1,0,0,0,0,0,0,0,0,0,0,0,0,0,0,0,0,0,0,0,0
/home/sobhan_hosseini/datasets/mvtec/hazelnut/test/crack/007.png,1,/home/sobhan_hosseini/datasets/mvtec/hazelnut/ground_truth/crack/007_mask.png,crack,train,1,0,1,1,0,0,0,1,1,0,1,1,1,0,0,0,0,0,0,0,0,0,0,0,0,0,0,0,0,0,0,0,0,0,0,0
/home/sobhan_hosseini/datasets/mvtec/hazelnut/test/crack/008.png,1,/home/sobhan_hosseini/datasets/mvtec/hazelnut/ground_truth/crack/008_mask.png,crack,train,1,0,1,1,0,0,0,1,1,1,1,1,1,0,0,0,0,0,0,0,0,0,0,0,0,0,0,0,0,0,0,0,0,0,0,0
/home/sobhan_hosseini/datasets/mvtec/hazelnut/test/crack/009.png,1,/home/sobhan_hosseini/datasets/mvtec/hazelnut/ground_truth/crack/009_mask.png,crack,val,1,0,1,1,0,0,0,1,1,1,1,1,1,1,0,0,0,1,0,0,0,0,0,0,0,0,0,0,0,0,0,0,0,0,0,0
/home/sobhan_hosseini/datasets/mvtec/hazelnut/test/crack/010.png,1,/home/sobhan_hosseini/datasets/mvtec/hazelnut/ground_truth/crack/010_mask.png,crack,train,1,0,1,1,1,1,0,1,1,1,0,1,1,1,1,0,0,0,0,0,0,0,0,0,0,0,0,0,0,0,0,0,0,0,0,0
/home/sobhan_hosseini/datasets/mvtec/hazelnut/test/crack/011.png,1,/home/sobhan_hosseini/datasets/mvtec/hazelnut/ground_truth/crack/011_mask.png,crack,train,1,0,1,1,0,1,0,1,1,1,1,1,1,0,0,0,0,0,0,0,0,0,0,0,0,0,0,0,0,0,0,0,0,0,0,0
/home/sobhan_hosseini/datasets/mvtec/hazelnut/test/crack/012.png,1,/home/sobhan_hosseini/datasets/mvtec/hazelnut/ground_truth/crack/012_mask.png,crack,train,1,0,1,1,0,0,0,1,1,1,1,1,1,1,0,0,0,0,0,0,0,0,0,0,0,0,0,0,0,0,0,0,0,0,0,0
/home/sobhan_hosseini/datasets/mvtec/hazelnut/test/crack/013.png,1,/home/sobhan_hosseini/datasets/mvtec/hazelnut/ground_truth/crack/013_mask.png,crack,test,1,0,1,1,0,0,0,1,1,1,1,1,1,0,0,0,1,0,0,0,0,0,0,0,0,0,0,0,0,0,0,0,0,0,0,0
/home/sobhan_hosseini/datasets/mvtec/hazelnut/test/crack/014.png,1,/home/sobhan_hosseini/datasets/mvtec/hazelnut/ground_truth/crack/014_mask.png,crack,train,1,0,1,1,1,0,0,1,1,1,0,1,1,0,0,0,0,0,1,0,0,0,0,0,0,0,0,0,0,0,0,1,0,0,0,0
/home/sobhan_hosseini/datasets/mvtec/hazelnut/test/crack/015.png,1,/home/sobhan_hosseini/datasets/mvtec/hazelnut/ground_truth/crack/015_mask.png,crack,test,1,0,1,1,1,0,0,1,1,1,0,1,1,1,0,0,0,0,0,0,0,0,0,0,0,0,0,0,0,0,0,0,0,0,0,0
/home/sobhan_hosseini/datasets/mvtec/hazelnut/test/crack/016.png,1,/home/sobhan_hosseini/datasets/mvtec/hazelnut/ground_truth/crack/016_mask.png,crack,train,1,0,1,1,0,0,0,1,1,1,1,1,1,0,1,0,0,0,0,0,0,0,0,0,0,0,0,0,0,0,0,0,0,0,0,0
/home/sobhan_hosseini/datasets/mvtec/hazelnut/test/crack/017.png,1,/home/sobhan_hosseini/datasets/mvtec/hazelnut/ground_truth/crack/017_mask.png,crack,train,1,0,1,1,0,0,0,1,1,1,1,1,1,1,0,0,0,0,0,0,0,0,0,0,0,0,0,0,0,0,0,0,0,0,0,0
/home/sobhan_hosseini/datasets/mvtec/hazelnut/test/cut/000.png,1,/home/sobhan_hosseini/datasets/mvtec/hazelnut/ground_truth/cut/000_mask.png,cut,train,1,0,1,1,0,0,0,1,1,1,1,1,1,0,0,0,0,0,0,0,0,0,0,0,0,0,0,0,0,0,0,0,0,0,0,0
/home/sobhan_hosseini/datasets/mvtec/hazelnut/test/cut/001.png,1,/home/sobhan_hosseini/datasets/mvtec/hazelnut/ground_truth/cut/001_mask.png,cut,train,1,0,1,1,1,1,0,1,1,1,0,1,1,1,0,0,0,0,0,0,0,0,0,0,0,0,0,0,0,0,0,0,0,0,0,0
/home/sobhan_hosseini/datasets/mvtec/hazelnut/test/cut/002.png,1,/home/sobhan_hosseini/datasets/mvtec/hazelnut/ground_truth/cut/002_mask.png,cut,train,1,0,1,1,1,1,0,1,1,0,1,1,1,0,0,0,0,0,0,0,0,0,0,0,0,0,0,0,0,0,0,0,0,0,0,0
/home/sobhan_hosseini/datasets/mvtec/hazelnut/test/cut/003.png,1,/home/sobhan_hosseini/datasets/mvtec/hazelnut/ground_truth/cut/003_mask.png,cut,train,1,0,1,1,0,0,0,1,1,1,1,1,1,0,0,0,0,0,0,0,0,0,0,0,0,0,0,0,0,0,0,0,0,0,0,0
/home/sobhan_hosseini/datasets/mvtec/hazelnut/test/cut/004.png,1,/home/sobhan_hosseini/datasets/mvtec/hazelnut/ground_truth/cut/004_mask.png,cut,train,1,0,1,1,0,0,0,1,1,1,1,1,1,1,0,0,0,0,0,0,0,0,0,0,0,0,0,0,0,0,0,0,0,0,0,0
/home/sobhan_hosseini/datasets/mvtec/hazelnut/test/cut/005.png,1,/home/sobhan_hosseini/datasets/mvtec/hazelnut/ground_truth/cut/005_mask.png,cut,val,1,0,1,1,0,1,0,1,1,1,1,1,1,0,0,0,0,0,0,0,0,1,0,0,0,0,0,0,0,0,0,0,0,0,0,0
/home/sobhan_hosseini/datasets/mvtec/hazelnut/test/cut/006.png,1,/home/sobhan_hosseini/datasets/mvtec/hazelnut/ground_truth/cut/006_mask.png,cut,train,1,0,1,1,0,0,0,1,1,1,0,1,1,0,1,0,0,0,0,1,1,0,0,0,0,0,0,0,0,0,0,0,0,0,0,0
/home/sobhan_hosseini/datasets/mvtec/hazelnut/test/cut/007.png,1,/home/sobhan_hosseini/datasets/mvtec/hazelnut/ground_truth/cut/007_mask.png,cut,train,1,0,1,1,0,0,0,0,1,1,1,1,1,0,0,0,0,0,0,0,0,0,0,0,0,0,0,0,0,0,0,0,0,0,0,0
/home/sobhan_hosseini/datasets/mvtec/hazelnut/test/cut/008.png,1,/home/sobhan_hosseini/datasets/mvtec/hazelnut/ground_truth/cut/008_mask.png,cut,train,1,0,1,1,0,0,0,1,1,1,1,1,1,1,1,0,0,0,0,0,0,0,0,0,0,0,0,0,0,0,0,0,0,0,0,0
/home/sobhan_hosseini/datasets/mvtec/hazelnut/test/cut/009.png,1,/home/sobhan_hosseini/datasets/mvtec/hazelnut/ground_truth/cut/009_mask.png,cut,train,1,0,1,1,0,0,0,1,1,1,1,1,1,0,0,0,0,0,0,0,0,0,0,0,0,0,0,0,0,0,0,0,0,0,0,0
/home/sobhan_hosseini/datasets/mvtec/hazelnut/test/cut/010.png,1,/home/sobhan_hosseini/datasets/mvtec/hazelnut/ground_truth/cut/010_mask.png,cut,train,1,0,1,1,1,1,0,1,1,1,1,1,1,0,1,0,0,0,0,0,0,0,0,0,0,0,0,0,0,0,0,0,0,0,0,0
/home/sobhan_hosseini/datasets/mvtec/hazelnut/test/cut/011.png,1,/home/sobhan_hosseini/datasets/mvtec/hazelnut/ground_truth/cut/011_mask.png,cut,train,1,0,1,1,1,1,0,1,1,1,1,1,1,0,0,0,0,0,0,0,0,0,0,0,0,0,0,0,0,0,0,0,0,0,0,0
/home/sobhan_hosseini/datasets/mvtec/hazelnut/test/cut/012.png,1,/home/sobhan_hosseini/datasets/mvtec/hazelnut/ground_truth/cut/012_mask.png,cut,test,1,0,1,1,0,1,0,1,1,1,1,1,1,0,0,0,0,0,0,0,0,0,0,0,0,0,0,0,0,0,0,1,0,0,0,0
/home/sobhan_hosseini/datasets/mvtec/hazelnut/test/cut/013.png,1,/home/sobhan_hosseini/datasets/mvtec/hazelnut/ground_truth/cut/013_mask.png,cut,train,1,0,1,1,1,1,0,1,1,1,1,1,1,0,0,0,0,0,0,0,0,0,0,0,0,0,0,0,0,0,0,0,0,0,0,0
/home/sobhan_hosseini/datasets/mvtec/hazelnut/test/cut/014.png,1,/home/sobhan_hosseini/datasets/mvtec/hazelnut/ground_truth/cut/014_mask.png,cut,train,1,0,1,1,1,1,0,1,1,0,0,1,1,0,0,0,0,0,0,0,0,0,0,0,0,0,0,0,0,0,0,0,0,0,0,0
/home/sobhan_hosseini/datasets/mvtec/hazelnut/test/cut/015.png,1,/home/sobhan_hosseini/datasets/mvtec/hazelnut/ground_truth/cut/015_mask.png,cut,train,1,0,1,1,1,1,0,1,1,0,1,1,1,0,0,0,0,0,0,0,0,1,0,0,0,0,0,0,0,0,0,0,0,0,0,0
/home/sobhan_hosseini/datasets/mvtec/hazelnut/test/cut/016.png,1,/home/sobhan_hosseini/datasets/mvtec/hazelnut/ground_truth/cut/016_mask.png,cut,train,1,0,1,1,1,0,0,1,1,1,1,1,1,0,0,0,0,0,0,0,0,0,0,0,0,0,0,0,0,0,0,0,0,0,0,0
/home/sobhan_hosseini/datasets/mvtec/hazelnut/test/hole/000.png,1,/home/sobhan_hosseini/datasets/mvtec/hazelnut/ground_truth/hole/000_mask.png,hole,train,1,0,1,1,1,0,0,1,1,1,1,1,0,0,1,0,0,0,0,0,0,0,0,0,0,0,0,0,0,0,0,0,0,0,0,0
/home/sobhan_hosseini/datasets/mvtec/hazelnut/test/hole/001.png,1,/home/sobhan_hosseini/datasets/mvtec/hazelnut/ground_truth/hole/001_mask.png,hole,val,1,0,1,1,1,1,0,1,1,0,1,1,0,0,0,0,0,0,0,0,0,0,0,0,0,0,0,0,0,0,0,0,0,0,0,0
/home/sobhan_hosseini/datasets/mvtec/hazelnut/test/hole/002.png,1,/home/sobhan_hosseini/datasets/mvtec/hazelnut/ground_truth/hole/002_mask.png,hole,train,1,0,1,1,0,0,0,1,1,1,1,1,1,0,0,0,0,1,0,0,0,0,0,0,0,0,0,0,0,0,0,1,0,0,0,0
/home/sobhan_hosseini/datasets/mvtec/hazelnut/test/hole/003.png,1,/home/sobhan_hosseini/datasets/mvtec/hazelnut/ground_truth/hole/003_mask.png,hole,train,1,0,1,1,1,0,0,1,1,1,1,1,1,0,0,0,0,0,0,0,0,0,0,1,0,0,1,0,0,0,0,1,0,0,0,0
/home/sobhan_hosseini/datasets/mvtec/hazelnut/test/hole/004.png,1,/home/sobhan_hosseini/datasets/mvtec/hazelnut/ground_truth/hole/004_mask.png,hole,train,1,0,1,1,0,0,0,1,1,1,1,1,0,0,0,0,0,0,0,0,0,0,1,0,0,0,0,0,0,0,0,0,0,0,0,0
/home/sobhan_hosseini/datasets/mvtec/hazelnut/test/hole/005.png,1,/home/sobhan_hosseini/datasets/mvtec/hazelnut/ground_truth/hole/005_mask.png,hole,train,1,0,1,1,1,0,0,1,1,1,0,1,1,0,0,0,0,0,0,0,0,0,0,0,0,1,0,0,0,0,0,0,0,0,0,0
/home/sobhan_hosseini/datasets/mvtec/hazelnut/test/hole/006.png,1,/home/sobhan_hosseini/datasets/mvtec/hazelnut/ground_truth/hole/006_mask.png,hole,test,1,0,1,1,1,0,0,1,1,0,1,1,1,0,0,0,0,0,0,0,0,0,1,0,0,0,0,0,1,0,0,0,0,0,0,0
/home/sobhan_hosseini/datasets/mvtec/hazelnut/test/hole/007.png,1,/home/sobhan_hosseini/datasets/mvtec/hazelnut/ground_truth/hole/007_mask.png,hole,train,1,0,1,1,0,0,0,1,1,1,1,1,1,0,0,0,0,0,0,0,0,0,0,0,0,0,0,0,0,0,0,1,0,0,0,0
/home/sobhan_hosseini/datasets/mvtec/hazelnut/test/hole/008.png,1,/home/sobhan_hosseini/datasets/mvtec/hazelnut/ground_truth/hole/008_mask.png,hole,train,1,0,1,1,0,1,0,1,1,1,1,1,1,0,0,0,0,0,0,0,0,0,0,0,0,0,0,0,0,0,0,0,0,0,0,0
/home/sobhan_hosseini/datasets/mvtec/hazelnut/test/hole/009.png,1,/home/sobhan_hosseini/datasets/mvtec/hazelnut/ground_truth/hole/009_mask.png,hole,train,1,0,1,1,1,0,0,1,1,1,1,1,1,0,0,0,0,0,0,0,0,0,0,0,1,0,0,0,0,0,1,0,0,0,0,0
/home/sobhan_hosseini/datasets/mvtec/hazelnut/test/hole/010.png,1,/home/sobhan_hosseini/datasets/mvtec/hazelnut/ground_truth/hole/010_mask.png,hole,train,1,0,1,1,1,0,0,1,1,1,1,1,1,0,1,0,0,0,0,0,0,0,0,0,0,0,0,0,0,0,0,0,0,0,0,0
/home/sobhan_hosseini/datasets/mvtec/hazelnut/test/hole/011.png,1,/home/sobhan_hosseini/datasets/mvtec/hazelnut/ground_truth/hole/011_mask.png,hole,val,1,0,1,1,1,0,0,1,1,0,1,1,0,0,0,0,1,0,0,0,0,0,0,0,0,0,0,0,1,1,0,0,0,0,0,0
/home/sobhan_hosseini/datasets/mvtec/hazelnut/test/hole/012.png,1,/home/sobhan_hosseini/datasets/mvtec/hazelnut/ground_truth/hole/012_mask.png,hole,train,1,0,1,1,0,1,0,1,1,1,1,1,1,0,0,0,0,0,0,0,0,0,0,0,0,0,0,0,0,0,0,0,0,0,0,0
/home/sobhan_hosseini/datasets/mvtec/hazelnut/test/hole/013.png,1,/home/sobhan_hosseini/datasets/mvtec/hazelnut/ground_truth/hole/013_mask.png,hole,train,1,0,1,1,1,0,0,1,1,0,1,1,0,0,0,0,0,0,0,0,0,0,0,0,0,0,0,1,0,0,0,0,0,0,0,0
/home/sobhan_hosseini/datasets/mvtec/hazelnut/test/hole/014.png,1,/home/sobhan_hosseini/datasets/mvtec/hazelnut/ground_truth/hole/014_mask.png,hole,val,1,0,1,1,1,0,0,1,1,1,1,1,1,0,0,0,0,0,0,0,0,0,0,0,0,0,0,0,0,0,0,0,0,0,0,0
/home/sobhan_hosseini/datasets/mvtec/hazelnut/test/hole/015.png,1,/home/sobhan_hosseini/datasets/mvtec/hazelnut/ground_truth/hole/015_mask.png,hole,train,1,0,1,1,1,0,0,1,1,0,1,1,0,0,0,0,0,0,0,0,0,0,0,0,0,0,0,0,0,1,0,0,0,0,0,0
/home/sobhan_hosseini/datasets/mvtec/hazelnut/test/hole/016.png,1,/home/sobhan_hosseini/datasets/mvtec/hazelnut/ground_truth/hole/016_mask.png,hole,train,1,0,1,1,0,0,0,1,1,1,1,1,1,0,0,0,0,0,0,0,0,0,0,0,0,0,0,0,0,0,0,1,0,0,0,0
/home/sobhan_hosseini/datasets/mvtec/hazelnut/test/hole/017.png,1,/home/sobhan_hosseini/datasets/mvtec/hazelnut/ground_truth/hole/017_mask.png,hole,train,1,0,1,1,0,0,0,1,1,1,0,1,0,0,0,0,0,0,0,0,0,0,0,0,0,0,0,0,0,0,0,0,0,0,0,0
/home/sobhan_hosseini/datasets/mvtec/hazelnut/test/print/000.png,1,/home/sobhan_hosseini/datasets/mvtec/hazelnut/ground_truth/print/000_mask.png,print,train,1,1,1,1,1,1,1,1,1,1,1,1,1,0,0,0,0,0,0,0,0,0,0,0,0,0,0,0,0,0,0,0,1,0,0,0
/home/sobhan_hosseini/datasets/mvtec/hazelnut/test/print/001.png,1,/home/sobhan_hosseini/datasets/mvtec/hazelnut/ground_truth/print/001_mask.png,print,train,1,1,1,1,0,0,1,1,1,1,0,1,1,0,0,0,0,0,0,0,0,0,0,0,0,0,0,0,0,0,0,0,0,0,0,0
/home/sobhan_hosseini/datasets/mvtec/hazelnut/test/print/002.png,1,/home/sobhan_hosseini/datasets/mvtec/hazelnut/ground_truth/print/002_mask.png,print,train,1,1,1,1,1,1,1,1,1,0,0,1,0,0,0,0,0,0,0,0,0,0,0,0,0,0,0,0,0,0,0,0,0,0,0,0
/home/sobhan_hosseini/datasets/mvtec/hazelnut/test/print/003.png,1,/home/sobhan_hosseini/datasets/mvtec/hazelnut/ground_truth/print/003_mask.png,print,train,0,0,0,0,0,0,0,0,0,0,0,0,0,0,0,0,0,0,0,0,0,0,0,0,0,0,0,0,0,0,0,0,0,0,0,0
/home/sobhan_hosseini/datasets/mvtec/hazelnut/test/print/004.png,1,/home/sobhan_hosseini/datasets/mvtec/hazelnut/ground_truth/print/004_mask.png,print,train,1,0,1,1,0,0,0,1,1,1,1,1,1,0,0,0,0,0,0,0,0,0,0,0,0,0,0,0,0,0,0,0,0,0,0,0
/home/sobhan_hosseini/datasets/mvtec/hazelnut/test/print/005.png,1,/home/sobhan_hosseini/datasets/mvtec/hazelnut/ground_truth/print/005_mask.png,print,train,1,0,1,1,0,1,0,1,1,0,0,0,0,0,0,0,0,0,0,0,0,0,0,0,0,0,0,0,0,0,0,0,0,0,0,0
/home/sobhan_hosseini/datasets/mvtec/hazelnut/test/print/006.png,1,/home/sobhan_hosseini/datasets/mvtec/hazelnut/ground_truth/print/006_mask.png,print,val,1,1,1,1,0,1,1,1,0,1,0,1,1,0,0,0,0,0,0,0,0,0,0,0,0,0,0,0,0,0,0,0,0,0,0,0
/home/sobhan_hosseini/datasets/mvtec/hazelnut/test/print/007.png,1,/home/sobhan_hosseini/datasets/mvtec/hazelnut/ground_truth/print/007_mask.png,print,train,1,1,1,1,1,0,0,1,1,1,0,1,1,0,0,0,0,0,0,0,0,0,0,0,0,0,0,0,0,0,0,0,0,0,0,1
/home/sobhan_hosseini/datasets/mvtec/hazelnut/test/print/008.png,1,/home/sobhan_hosseini/datasets/mvtec/hazelnut/ground_truth/print/008_mask.png,print,train,1,1,1,1,0,0,0,1,1,0,0,1,1,0,0,0,0,0,0,0,0,0,0,0,0,0,0,0,0,0,0,0,0,0,1,0
/home/sobhan_hosseini/datasets/mvtec/hazelnut/test/print/009.png,1,/home/sobhan_hosseini/datasets/mvtec/hazelnut/ground_truth/print/009_mask.png,print,train,0,0,0,0,0,0,0,0,0,0,0,0,0,0,0,0,0,0,0,0,0,0,0,0,0,0,0,0,0,0,0,0,0,0,0,0
/home/sobhan_hosseini/datasets/mvtec/hazelnut/test/print/010.png,1,/home/sobhan_hosseini/datasets/mvtec/hazelnut/ground_truth/print/010_mask.png,print,train,1,1,1,1,0,1,1,1,1,0,0,1,0,0,0,0,0,0,0,0,0,0,0,0,0,0,0,0,0,0,0,0,0,0,0,0
/home/sobhan_hosseini/datasets/mvtec/hazelnut/test/print/011.png,1,/home/sobhan_hosseini/datasets/mvtec/hazelnut/ground_truth/print/011_mask.png,print,train,1,0,1,1,0,0,0,1,1,1,1,1,1,0,0,0,0,0,0,0,0,0,0,0,0,0,0,0,0,0,0,0,0,1,0,0
/home/sobhan_hosseini/datasets/mvtec/hazelnut/test/print/012.png,1,/home/sobhan_hosseini/datasets/mvtec/hazelnut/ground_truth/print/012_mask.png,print,train,1,1,1,1,0,1,1,1,1,1,0,1,1,0,0,0,0,0,0,0,0,0,0,0,0,0,0,0,0,0,0,0,0,0,0,0
/home/sobhan_hosseini/datasets/mvtec/hazelnut/test/print/013.png,1,/home/sobhan_hosseini/datasets/mvtec/hazelnut/ground_truth/print/013_mask.png,print,train,1,1,1,1,0,0,0,1,1,1,0,1,1,0,0,0,0,0,0,0,0,0,0,0,0,0,0,0,0,0,0,0,0,0,0,0
/home/sobhan_hosseini/datasets/mvtec/hazelnut/test/print/014.png,1,/home/sobhan_hosseini/datasets/mvtec/hazelnut/ground_truth/print/014_mask.png,print,train,1,0,1,1,0,1,0,1,1,1,0,1,1,0,0,0,0,0,0,0,0,0,0,0,0,0,0,0,0,0,0,0,0,0,0,0
/home/sobhan_hosseini/datasets/mvtec/hazelnut/test/print/015.png,1,/home/sobhan_hosseini/datasets/mvtec/hazelnut/ground_truth/print/015_mask.png,print,train,1,1,1,1,0,1,1,1,1,0,1,1,0,0,0,0,0,0,0,0,0,0,0,0,0,0,0,0,0,0,0,0,0,0,0,0
/home/sobhan_hosseini/datasets/mvtec/hazelnut/test/print/016.png,1,/home/sobhan_hosseini/datasets/mvtec/hazelnut/ground_truth/print/016_mask.png,print,train,1,1,1,1,1,0,0,1,1,1,0,1,1,0,0,0,0,0,0,0,0,0,0,0,0,0,0,0,0,0,0,0,0,0,0,0
